,NoDur,Durbl,Manuf,Enrgy,HiTec,Telcm,Shops,Hlth ,Utils,Other,week,date
20181231,0.2,-0.11,1.06,0.52,0.7,0.77,1.15,1.6,0.4,1.01,1,31/12/2018
20190102,-0.28,-0.58,0.32,2.17,0.15,1.16,0.78,-0.98,-1.46,0.47,1,31/12/2018
20190103,-0.74,-2.81,-2.68,-1.22,-4.35,-0.2,-1.65,-2.13,0.05,-2.21,1,31/12/2018
20190104,2.61,4.33,3.74,3.69,4.45,2.51,2.95,3.46,1.72,3.47,1,31/12/2018
20190107,-0.21,2.82,0.61,1.31,0.94,0.77,2.19,1.17,-0.4,0.7,2,7/1/2019
20190108,1.26,1.55,1.24,0.67,1.17,1.27,1.08,0.96,1.47,0.64,2,7/1/2019
20190109,-0.8,1.45,0.36,1.63,1,-0.61,0.27,0.3,-0.49,0.68,2,7/1/2019
20190110,0.46,0.63,1.03,0.33,0.46,0.25,-0.1,0.26,1.27,0.34,2,7/1/2019
20190111,0.42,1.42,0.01,-0.8,-0.24,0.54,-0.14,0.06,-0.47,0.23,2,7/1/2019
20190114,-0.23,-0.21,-0.44,-0.19,-0.84,-0.46,-0.83,-1.42,-1.83,0.12,3,14/1/2019
20190115,0.88,0.5,-0.06,0.29,1.74,-0.07,1.16,1.88,1.25,0.79,3,14/1/2019
20190116,-0.55,-0.36,0.12,-0.11,-0.02,-0.51,0.08,-0.45,0.41,1.46,3,14/1/2019
20190117,0.91,1.13,1.5,0.96,0.82,0.02,0.51,1.21,0.62,0.58,3,14/1/2019
20190118,1.63,-0.87,1.69,1.66,1.5,0.65,1.15,0.89,0.34,1.48,3,14/1/2019
20190122,-1.03,-1.7,-1.99,-2.43,-1.89,-1.3,-1.69,-0.98,-0.14,-1.23,4,21/1/2019
20190123,0.53,-1.74,0.4,-0.99,0.34,1.36,0.41,-0.31,0.75,-0.05,4,21/1/2019
20190124,-1.35,1.49,0.44,0.59,0.79,-0.53,0.08,-0.76,0.92,0.32,4,21/1/2019
20190125,0.38,1.77,1.22,1.19,1.54,-0.09,0.66,0.15,-1.09,1.03,4,21/1/2019
20190128,0.41,-0.78,-0.6,-1.09,-1.24,-0.75,-0.68,-1.51,-0.45,-0.39,5,28/1/2019
20190129,0.27,0.63,1.03,0.24,-0.96,-0.43,-0.92,0.69,0.48,-0.14,5,28/1/2019
20190130,0.97,1.26,1.43,1.51,2.79,-0.87,1.55,1.37,0.72,1.01,5,28/1/2019
20190131,1.58,0.36,0.11,0.65,1.08,2.7,1.17,1.51,1.71,0.2,5,28/1/2019
20190201,-0.15,0.1,0.17,1.83,0.26,0.13,-2.06,0.5,-0.18,0.6,5,28/1/2019
20190204,0.45,0.44,0.84,0.23,1.63,-0.44,0.84,-0.23,0.23,0.59,6,4/2/2019
20190205,0.1,0.97,0.75,-0.03,0.92,0.12,0.77,0.02,0.1,0.1,6,4/2/2019
20190206,-0.13,-0.04,0.11,-0.83,-0.17,-0.33,-0.51,0.08,-0.42,-0.16,6,4/2/2019
20190207,-0.05,-2.28,-1.05,-2.26,-1.41,0.01,-0.42,-1.31,1.02,-0.73,6,4/2/2019
20190208,0.79,-0.28,0.18,-0.45,0.64,0.33,-0.78,0.62,0.52,-0.43,6,4/2/2019
20190211,0.23,0.59,0.4,0.49,-0.02,-0.61,0.29,0.06,0,0.28,7,11/2/2019
20190212,1.03,1.54,1.73,1.32,1.48,0.56,1.68,1.16,0.31,1.45,7,11/2/2019
20190213,0.02,0.07,0.36,1.35,0.06,0.04,0.58,0.18,-0.04,0.39,7,11/2/2019
20190214,-1.7,-0.21,-0.54,0.45,0.2,0.13,-0.18,0.21,-0.13,-0.56,7,11/2/2019
20190215,0.76,0.84,1.42,1.73,0.65,1.92,0.75,1.42,0.51,1.51,7,11/2/2019
20190219,-0.09,0.7,0.21,0.12,0.1,0.28,0.64,-0.4,0.79,0.3,8,18/2/2019
20190220,0.56,0.71,0.83,0.56,-0.02,0.48,-0.63,0.02,0.28,0.43,8,18/2/2019
20190221,0.42,-1.23,-0.41,-1.58,-0.24,0.42,-0.38,-0.79,0.61,-0.43,8,18/2/2019
20190222,-1.08,1.23,0.69,0.46,1.24,0.72,0.49,1.12,0.57,0.23,8,18/2/2019
20190225,-0.54,0.35,0.26,-0.02,0.56,-0.55,-0.28,0.52,-0.56,0.13,9,25/2/2019
20190226,-0.11,-0.18,-0.47,-0.28,0.08,-0.13,-0.05,-0.27,-0.46,-0.19,9,25/2/2019
20190227,0.25,0.69,0.19,0.48,0.15,-0.3,-0.05,0.37,0.16,-0.09,9,25/2/2019
20190228,0.61,-0.27,-0.58,-1,-0.46,0.25,0.05,-0.01,0.22,-0.45,9,25/2/2019
20190301,0.48,-0.79,0.3,1.69,0.81,0.33,0.45,1.47,0.64,0.6,9,25/2/2019
20190304,-0.33,-0.81,-0.22,0.25,-0.4,-1.01,-0.32,-0.78,0.27,-0.82,10,4/3/2019
20190305,-0.18,-0.6,-0.48,-0.33,0,-0.23,0.03,-0.18,-0.23,-0.2,10,4/3/2019
20190306,-0.09,-1.38,-0.8,-1.41,-0.57,-0.34,-0.73,-1.84,-0.12,-0.88,10,4/3/2019
20190307,-0.28,-0.82,-0.72,-0.5,-0.92,0.1,-1.54,-0.68,0.28,-0.95,10,4/3/2019
20190308,-0.38,0.15,-0.17,-2.09,-0.03,-0.19,-0.32,-0.42,0.28,-0.01,10,4/3/2019
20190311,1.45,1.46,0.86,1.6,2.11,1.31,1.62,1.17,0.81,1.27,11,11/3/2019
20190312,-0.33,-0.58,-0.62,0.78,0.53,0.51,0.27,0.64,0.62,0.07,11,11/3/2019
20190313,0.44,0.08,0.58,1.2,0.67,-0.05,0.71,0.87,0.17,0.8,11,11/3/2019
20190314,-0.2,-0.89,-0.43,0.04,-0.11,0.42,-0.39,-0.39,-0.14,0.24,11,11/3/2019
20190315,0.21,-0.79,0.37,-0.01,0.67,0.88,0.63,0.77,0.33,0.33,11,11/3/2019
20190318,0.57,0.26,0.37,1.41,0.24,-0.53,1.15,-0.28,-0.12,0.88,12,18/3/2019
20190319,-0.27,-0.09,-0.15,-0.48,0.4,-0.76,0.47,0.57,-1.01,-0.65,12,18/3/2019
20190320,-0.47,-1.22,-0.55,0.99,0.16,-0.41,0.34,-0.37,0.34,-1.51,12,18/3/2019
20190321,1.34,1.13,1.03,0.73,2.09,0.84,1.27,0.26,1.14,0.4,12,18/3/2019
20190322,-0.46,-3.15,-2.73,-2.8,-2.47,-0.23,-1.78,-2.04,0.28,-2.62,12,18/3/2019
20190325,0.36,0.23,0.3,-0.1,-0.28,-0.26,0.32,0.09,0.18,-0.17,13,25/3/2019
20190326,0.85,1.09,0.69,1.63,0.45,1.41,0.48,1.09,0.58,0.87,13,25/3/2019
20190327,-0.36,0.24,0.02,-0.63,-0.78,0.03,-0.29,-0.93,-0.61,-0.3,13,25/3/2019
20190328,0.75,0.8,0.75,0.37,0.3,-1.19,0.51,0.46,-0.96,0.77,13,25/3/2019
20190329,0.54,0.27,0.82,-0.18,0.93,0.02,0.58,1.11,0.57,0.48,13,25/3/2019
20190401,-0.12,2.32,1.67,1.35,1.41,1.03,0.93,0.04,-0.51,1.97,14,1/4/2019
20190402,-0.5,-0.22,-0.21,-0.8,0.45,-0.53,-0.71,0.23,-0.05,-0.02,14,1/4/2019
20190403,-0.81,1.29,0.27,-1.04,0.62,0.53,0.58,-0.06,-0.23,0.35,14,1/4/2019
20190404,0.79,-0.44,0.83,1.02,-0.33,0.71,0.62,-0.56,-0.25,0.46,14,1/4/2019
20190405,0.18,0.76,0.38,1.85,0.36,0.56,0.78,0.77,1.04,0.29,14,1/4/2019
20190408,0.24,0.24,-0.22,0.46,0.29,0.32,0.33,-0.2,-0.66,0.01,15,8/4/2019
20190409,-0.21,-1.05,-1.14,-1.4,-0.34,0.22,-0.86,-0.69,0.02,-0.81,15,8/4/2019
20190410,0.34,1.23,0.26,0.57,0.71,0.58,0.51,0.52,-0.27,0.38,15,8/4/2019
20190411,0.08,0.15,0.64,-0.06,-0.01,0.19,0.11,-1.06,0.5,0.15,15,8/4/2019
20190412,0.29,0.8,1.1,0.49,0.66,1.94,0.4,-0.54,0.68,0.94,15,8/4/2019
20190415,0.6,-0.6,-0.32,-0.74,-0.06,0.2,0.43,-0.01,-0.02,-0.29,16,15/4/2019
20190416,-0.24,0.83,0.73,0.63,0.2,0.14,0.35,-1.48,-1.19,0.69,16,15/4/2019
20190417,0.65,0.15,-0.15,-0.05,0.12,-0.26,0.01,-3.28,-0.37,0.03,16,15/4/2019
20190418,-0.13,0.49,0.55,-0.33,0.24,0.23,0.01,-0.28,-0.11,0.18,16,15/4/2019
20190422,-0.25,-1.56,-0.44,2.24,0.48,-0.22,-0.26,-0.06,0.2,-0.08,17,22/4/2019
20190423,0.86,0.64,0.41,0.03,1.33,-0.16,1.21,1.86,0.39,0.82,17,22/4/2019
20190424,0.13,-0.46,-0.25,-1.92,-0.19,-0.87,0.13,-0.25,0.55,-0.09,17,22/4/2019
20190425,-1.02,-2.73,-1.48,-0.33,0.35,-0.02,-0.28,1.01,0.22,-0.33,17,22/4/2019
20190426,0.99,1.88,1.08,-1.41,-0.09,1.09,0.46,0.78,0.29,1.08,17,22/4/2019
20190429,0.33,0.4,0.04,-0.24,0.29,0.41,-0.26,-0.31,-0.51,0.61,18,29/4/2019
20190430,0.91,-0.73,0.26,0.01,-0.76,-0.21,0.08,0.46,1.31,0.13,18,29/4/2019
20190501,-0.93,-1.08,-1.29,-2.24,-0.44,-0.44,-1.13,-0.45,-1.08,-0.81,18,29/4/2019
20190502,-0.37,0.55,-0.34,-1.83,-0.34,-0.75,0.22,0.53,-0.44,0.14,18,29/4/2019
20190503,0.91,1.9,1.27,1.01,1.27,0.97,1.36,1.08,0.78,0.98,18,29/4/2019
20190506,-0.32,-1.03,-1.14,0.07,-0.6,-0.11,-0.24,0.39,-0.56,-0.37,19,6/5/2019
20190507,-1.09,-1.14,-2.04,-0.75,-2.08,-0.81,-1.51,-2.1,-0.23,-1.66,19,6/5/2019
20190508,-0.24,-0.53,-0.14,0.04,-0.21,-0.22,0.04,-0.02,-1.29,-0.25,19,6/5/2019
20190509,-0.06,-0.83,-0.49,0.07,-0.57,0.28,-0.3,-0.13,-0.08,-0.12,19,6/5/2019
20190510,0.7,0.28,0.55,0.48,0.21,0.71,0.04,-0.23,1.65,0.43,19,6/5/2019
20190513,-1.44,-3.58,-2.59,-1.77,-3.7,-1.68,-2.8,-1.91,0.82,-2.75,20,13/5/2019
20190514,0.77,1.36,0.76,1.29,1.26,1.01,0.61,0.67,-0.53,0.97,20,13/5/2019
20190515,0.75,0.46,0.27,0.47,1.29,0.4,0.64,0.6,0,-0.03,20,13/5/2019
20190516,0.67,-0.24,0.88,0.54,1.02,1,0.99,0.93,0.61,0.98,20,13/5/2019
20190517,-0.17,-2.08,-1.02,-1.2,-1.06,0.51,-0.66,-0.51,0.29,-0.61,20,13/5/2019
20190520,-0.5,-0.63,-0.8,-0.04,-1.75,0.36,-0.21,-0.37,0.1,-0.08,21,20/5/2019
20190521,-0.02,0.92,1.23,1.17,1.25,0.64,0.47,0.92,0.27,0.92,21,20/5/2019
20190522,0.49,-2.68,-0.64,-1.8,-0.41,-0.62,-0.59,0.5,0.53,-0.53,21,20/5/2019
20190523,-0.28,-1.06,-1.42,-3.52,-1.67,-0.78,-1.28,-0.57,0.29,-1.54,21,20/5/2019
20190524,-0.48,0.15,0.2,0.21,0.01,0.41,0.28,0.21,-0.09,0.65,21,20/5/2019
20190528,-2.13,-0.72,-0.92,-1.04,-0.27,-0.65,-0.36,-1.16,-1.59,-0.91,22,27/5/2019
20190529,-0.99,-0.47,-0.41,-0.5,-0.83,-0.66,-0.93,-1.22,-1.25,-0.21,22,27/5/2019
20190530,0.03,0.1,0.27,-1.4,0.56,-0.18,0.49,0.5,-0.13,-0.2,22,27/5/2019
20190531,-1,-2.71,-1.65,-1.74,-1.56,-2.35,-1.27,-1.03,0.43,-1.29,22,27/5/2019
20190603,1.44,0.92,0.33,1.3,-2.38,1.05,-1.02,0.61,1.16,0.14,23,3/6/2019
20190604,1.03,4.63,2.26,1.88,3,1.27,2.05,1.79,0.31,2.74,23,3/6/2019
20190605,0.9,0.47,0.97,-1.4,1.02,0.37,0.5,0.53,1.84,0.62,23,3/6/2019
20190606,0.64,0.24,0.5,1.71,0.84,0.59,0.59,0.2,0.61,0.26,23,3/6/2019
20190607,0.91,0.56,0.91,0.42,1.85,0.62,1.5,1.2,-0.55,0.46,23,3/6/2019
20190610,-0.03,1.33,0.15,0.37,1.05,-0.9,1.18,0.08,-0.68,0.64,24,10/6/2019
20190611,0.33,0.37,-0.26,-0.04,-0.04,-0.19,0.25,-0.26,-0.64,-0.13,24,10/6/2019
20190612,-0.1,-0.84,-0.27,-1.53,-0.49,0.39,0.05,0.86,0.83,-0.49,24,10/6/2019
20190613,0.26,1.24,0.82,1.31,0.55,1.15,0.81,-0.16,0.23,0.27,24,10/6/2019
20190614,-0.09,-0.65,-0.53,-0.8,-0.69,0.49,0.13,-0.42,0.72,0.04,24,10/6/2019
20190617,-0.36,0.75,-0.32,1.01,0.55,-0.04,0.22,0.97,-0.28,-0.52,25,17/6/2019
20190618,-0.3,1.26,1.52,1.47,1.57,0.37,0.45,0.96,-0.09,1.11,25,17/6/2019
20190619,0.41,0.34,0.01,-0.19,0.44,0.58,0.24,0.73,0.8,0.06,25,17/6/2019
20190620,0.86,0.39,1.5,2.23,1.22,0.36,0.58,0.48,0.8,0.68,25,17/6/2019
20190621,-0.27,-0.19,-0.49,0.61,-0.26,-0.69,-0.34,0.21,0.47,-0.27,25,17/6/2019
20190624,-0.2,-0.4,0.08,-0.92,-0.06,-0.04,-0.45,-0.6,-0.31,-0.49,26,24/6/2019
20190625,-0.27,-0.34,-0.46,-0.79,-1.83,-0.65,-0.65,-0.72,-0.72,-0.75,26,24/6/2019
20190626,-0.94,0.56,-0.14,1.73,0.66,-0.89,0.17,-1.29,-1.78,-0.09,26,24/6/2019
20190627,0.26,1.26,0.28,-0.83,0.48,0.49,0.53,0.78,0.17,1.08,26,24/6/2019
20190628,0.36,0.63,0.95,1.07,0.33,0.71,0.16,0.71,0.75,1.15,26,24/6/2019
20190701,0.58,0.37,0.34,0.21,1.28,0.39,0.66,0.58,-0.19,0.79,27,1/7/2019
20190702,0.51,-1.02,-0.2,-2.13,0.4,1.28,0.38,0.18,0.95,-0.07,27,1/7/2019
20190703,1.25,0.9,0.78,0.49,0.78,0.51,0.83,0.91,0.78,0.78,27,1/7/2019
20190705,-0.32,-0.1,-0.41,0.21,-0.09,0.44,0.13,-0.93,-0.07,0.15,27,1/7/2019
20190708,-0.19,-0.7,-0.63,-0.01,-0.84,-0.74,0.23,-1.04,0,-0.63,28,8/7/2019
20190709,-0.72,-0.53,-0.57,-0.04,0.51,-0.16,0.42,0.49,0.17,0.22,28,8/7/2019
20190710,0.61,0.41,-0.13,1.55,0.78,1.38,0.47,0.32,0.28,-0.16,28,8/7/2019
20190711,-0.12,0.1,0.49,-0.03,0.13,-0.06,0.32,-1.05,-0.02,0.82,28,8/7/2019
20190712,0.32,2.2,1.43,0.42,0.57,0.91,0.92,-1.25,-0.58,0.83,28,8/7/2019
20190715,0.05,0.36,-0.13,-1.21,0.22,0.17,0.24,0.45,0.08,-0.5,29,15/7/2019
20190716,-0.05,0.81,0.36,-1.14,-0.69,-0.1,-0.28,-0.59,-0.63,-0.02,29,15/7/2019
20190717,-0.16,-1.04,-0.99,-1.25,-0.33,-0.94,-0.74,0.15,0.17,-1.11,29,15/7/2019
20190718,1.13,-0.48,-0.07,-0.01,0.5,-0.37,-0.2,0.88,0.56,0.42,29,15/7/2019
20190719,-0.51,0.5,0.51,0.6,-0.75,-0.92,-0.67,-1.07,-1.28,-0.54,29,15/7/2019
20190722,-0.41,-0.11,-0.02,0.31,1.05,-0.75,0.02,-0.08,-0.07,0.09,30,22/7/2019
20190723,1.54,1.52,1.19,0.41,0.52,0.27,0.32,0.46,-0.51,0.88,30,22/7/2019
20190724,-0.35,1.42,0.07,0.47,0.93,1.57,0.57,0.58,0.09,0.81,30,22/7/2019
20190725,-0.11,-3.43,-0.46,-1.47,-0.73,0.39,-0.61,-0.81,-0.4,-0.56,30,22/7/2019
20190726,0.84,0.27,0.24,-0.52,1.37,1.07,0.29,0.6,0.23,1.04,30,22/7/2019
20190729,0.05,0.11,-0.13,-0.35,-0.38,-0.03,-0.62,0.08,0.24,-0.55,31,29/7/2019
20190730,-0.54,0.19,0.85,1.52,-0.51,-0.67,-0.47,-0.27,-0.46,-0.03,31,29/7/2019
20190731,-1.59,-0.6,-1.53,-0.64,-1.27,-1.53,-1.28,-0.75,-0.33,-0.81,31,29/7/2019
20190801,-0.63,-2.49,-1.66,-2.94,-0.61,-0.42,-0.95,0.04,0.81,-1.79,31,29/7/2019
20190802,0.07,-0.62,-0.82,-1.2,-1.73,-0.33,-0.62,-0.42,-0.14,-0.54,31,29/7/2019
20190805,-2.54,-2.32,-2.89,-2.99,-3.83,-1.9,-2.76,-2.46,-1.82,-3.2,32,5/8/2019
20190806,0.64,1.16,1.3,-0.04,1.49,1.17,1.28,1.54,1.1,1.39,32,5/8/2019
20190807,0.7,0.49,0.41,-0.61,0.49,-1.3,0.67,-0.07,0.11,-0.52,32,5/8/2019
20190808,1.43,2.08,1.79,2.95,2.56,1.51,1.6,1.53,1.34,1.89,32,5/8/2019
20190809,-0.78,-1.33,-0.96,-1.36,-1.26,-0.04,-0.86,0.14,-0.14,-0.63,32,5/8/2019
20190812,-0.71,-1.35,-1.41,-1.18,-1.32,-0.86,-1.37,-1,-0.3,-1.72,33,12/8/2019
20190813,0.96,1.3,1.24,1.04,2.14,1.21,1.75,1.2,0.22,1.24,33,12/8/2019
20190814,-1.91,-4.08,-2.87,-4.09,-3.15,-2.26,-2.86,-2.75,-1.23,-3.2,33,12/8/2019
20190815,0.65,-1.14,0.37,-0.54,-0.13,0.38,0.81,0.16,1.1,0.02,33,12/8/2019
20190816,1.22,1.74,1.68,1.48,1.71,1.36,1.09,1.38,0.7,1.84,33,12/8/2019
20190819,0.64,1.33,1.28,2.27,1.39,0.96,1.15,1.1,0.57,0.91,34,19/8/2019
20190820,-0.96,-0.78,-0.78,-0.96,-0.58,-0.63,-0.31,-0.89,-0.21,-1.09,34,19/8/2019
20190821,0.41,0.56,0.82,0.83,1.1,0.43,1.53,0.85,0.69,0.53,34,19/8/2019
20190822,0.41,0.04,0.29,-0.6,-0.3,0.09,0.12,-0.39,-0.11,-0.02,34,19/8/2019
20190823,-2.03,-3.43,-2.61,-3.46,-3.12,-2.31,-2.47,-2.5,-1.43,-2.54,34,19/8/2019
20190826,0.99,0.81,0.83,0.46,1.27,1.59,1.07,1.23,1.18,0.96,35,26/8/2019
20190827,-1.31,-0.55,-0.25,-0.75,-0.21,-0.1,-0.36,-0.36,0.01,-0.82,35,26/8/2019
20190828,1.1,1.4,1.09,1.53,0.12,0.96,0.86,0.71,0.13,0.9,35,26/8/2019
20190829,0.31,1.94,1.41,1.59,1.77,0.78,1.41,0.63,0.8,1.52,35,26/8/2019
20190830,0.1,0.71,0.27,-0.08,-0.07,0.14,-0.42,-0.11,0.07,0.32,35,26/8/2019
20190903,0.1,-1.34,-1.04,-0.62,-1.41,-0.43,-0.25,-0.72,1.34,-1.12,36,2/9/2019
20190904,0.75,1.84,1.37,1.44,1.54,1.36,0.89,0.13,0.28,1.05,36,2/9/2019
20190905,-0.17,2.95,1.31,1.29,2.04,0.94,1.55,0.96,-0.81,1.68,36,2/9/2019
20190906,0.63,0.15,0.22,0.47,-0.34,0.58,0.15,0.17,-0.34,-0.11,36,2/9/2019
20190909,-0.02,2.04,0.08,2.06,-0.62,0.07,0.43,-1.35,-0.22,1.04,37,9/9/2019
20190910,0.03,0.72,0.59,1.33,-0.13,0.55,-0.33,0.56,0.04,0.23,37,9/9/2019
20190911,0.86,1.46,1.26,0.06,1.22,1.11,0.22,1.16,1.04,0.6,37,9/9/2019
20190912,0.16,-0.54,0.25,-0.7,0.33,0.19,0.39,-0.06,0.05,0.35,37,9/9/2019
20190913,-0.74,0.29,0.34,0.83,-0.45,-0.5,-0.13,-0.25,-0.28,0.65,37,9/9/2019
20190916,-0.41,-1.43,-0.73,4.11,-0.07,-0.96,-1.23,-0.18,0.28,-0.32,38,16/9/2019
20190917,0.08,0.38,0.22,-1.98,0.34,0.16,0.53,0.38,0.7,0.02,38,16/9/2019
20190918,-0.25,-1.12,0.1,-0.57,0.06,-0.09,-0.06,-0.09,0.41,-0.02,38,16/9/2019
20190919,-0.14,-0.41,-0.27,-0.47,0.28,-0.41,-0.14,0.19,0.26,-0.27,38,16/9/2019
20190920,-0.51,-1.42,-0.59,0.1,-0.77,-0.05,-0.86,0.79,0.34,-0.68,38,16/9/2019
20190923,0.2,0.12,0.22,0.16,-0.04,-0.15,0.18,-0.48,0.01,-0.02,39,23/9/2019
20190924,-0.07,-2.38,-0.56,-1.72,-1.39,-0.62,-1,-1.01,0.71,-1.06,39,23/9/2019
20190925,0.62,1.15,0.88,0.3,1.24,0.27,0.78,-0.34,0.03,0.69,39,23/9/2019
20190926,0.38,0.88,0.15,-1.48,-0.21,-0.91,-0.66,-0.81,0.31,-0.58,39,23/9/2019
20190927,-0.28,-0.25,-0.3,-0.08,-1.34,-0.52,-0.28,-0.68,-0.29,-0.19,39,23/9/2019
20190930,0.66,0.7,0.32,-0.7,0.96,0.67,0.71,0.71,0.04,0.11,40,30/9/2019
20191001,-0.22,-1.95,-1.85,-2.36,-1.15,-0.9,-0.75,-1.24,-0.48,-1.75,40,30/9/2019
20191002,-2.04,-2.4,-1.86,-2.71,-1.85,-1.01,-1.62,-1.3,-1.3,-1.75,40,30/9/2019
20191003,0.89,0.13,0.53,1.33,1.4,0.18,0.43,1.3,0.34,0.32,40,30/9/2019
20191004,1.4,0.38,1.2,0.6,1.64,1.34,0.98,1.34,1.44,1.58,40,30/9/2019
20191007,-0.85,-0.06,-0.62,-0.92,-0.35,0.29,-0.33,-0.4,-0.49,-0.37,41,7/10/2019
20191008,-0.92,-1.49,-1.64,-1.71,-1.94,-1.08,-0.92,-1.72,-1.18,-1.78,41,7/10/2019
20191009,0.67,1.26,0.83,1.16,1.32,0.42,0.9,0.38,0.47,0.93,41,7/10/2019
20191010,0.36,0.73,0.53,1.35,0.58,0.51,0.5,0.42,-0.21,0.9,41,7/10/2019
20191011,0.27,2.43,1.6,1.43,1.49,0.84,1.06,1.09,-0.08,1.36,41,7/10/2019
20191014,-0.22,0.55,-0.4,-0.27,-0.11,-0.44,-0.3,-0.02,-0.68,-0.03,42,14/10/2019
20191015,0.14,1.83,0.23,0.4,1.23,1.13,0.95,1.39,-0.27,1.43,42,14/10/2019
20191016,0.02,0.46,-0.06,-1.36,-0.73,0.13,0.4,-0.04,0.08,-0.12,42,14/10/2019
20191017,0.63,0.65,0.3,0.11,0.02,0.56,0.64,0.63,0.32,0.53,42,14/10/2019
20191018,0.12,0.04,-0.52,-0.83,-1.02,0.16,-0.52,-0.63,0.32,-0.11,42,14/10/2019
20191021,0.12,-0.03,0.28,1.84,0.98,-0.12,0.45,0.27,0.38,1.09,43,21/10/2019
20191022,-0.32,1.01,0.66,1.25,-1.14,0.16,-0.49,-0.08,0.43,-0.29,43,21/10/2019
20191023,0.29,0.16,0.18,0.85,0.46,-0.34,-0.48,0.46,0.39,0.29,43,21/10/2019
20191024,0.03,1.22,0.5,-0.31,0.88,-1.19,0.27,-0.43,0.22,0.08,43,21/10/2019
20191025,-0.6,2.82,0.51,0.95,0.92,0.94,-0.15,0.42,-1,0.61,43,21/10/2019
20191028,-0.1,0.36,0.39,-0.63,1.15,0.86,0.49,1.14,-1.3,0.6,44,28/10/2019
20191029,0.02,0.22,0.34,0.47,-0.88,-0.59,-0.65,1.03,0.24,0.2,44,28/10/2019
20191030,0.21,-0.33,0.12,-2.15,0.52,0.19,0.49,0.68,0.7,0.16,44,28/10/2019
20191031,0.24,-0.88,-1.08,-0.41,-0.14,0.18,-0.51,-0.04,0.28,-0.74,44,28/10/2019
20191101,0.2,1.8,1.45,2.47,1.13,0.87,0.75,0.49,0.1,1.43,44,28/10/2019
20191104,-0.27,1.25,0.23,3.2,0.58,-0.54,0.25,-0.38,-0.94,0.76,45,4/11/2019
20191105,-0.09,0.07,0.47,0.5,-0.07,0.08,0.33,-0.64,-0.96,0.03,45,4/11/2019
20191106,0.28,0.3,0.04,-2.28,-0.16,-0.2,0.2,0.16,-0.08,0.17,45,4/11/2019
20191107,-0.25,0.33,0.38,1.95,0.44,1.08,-0.01,0.09,-1.29,0.65,45,4/11/2019
20191108,0.16,0.51,0.12,-0.57,0.61,0.47,-0.15,1.06,-0.33,0.18,45,4/11/2019
20191111,-0.26,0.39,0.17,-0.67,-0.09,0.04,-0.29,-0.4,-0.74,-0.2,46,11/11/2019
20191112,0.2,0.01,0,-0.62,0.42,-0.24,0.2,0.4,0.21,0.02,46,11/11/2019
20191113,0.54,-1.43,-0.07,-0.64,0.16,1.41,-0.05,0.01,1.29,-0.48,46,11/11/2019
20191114,-0.06,0.31,0.24,-0.26,0.01,-0.31,0.26,-0.15,0.19,0.19,46,11/11/2019
20191115,0.45,0.55,0.62,0.8,1.06,-0.26,0.01,1.56,0.46,0.72,46,11/11/2019
20191118,0.25,-0.41,-0.07,-1.48,0.03,0.61,0.4,-0.33,-0.02,0.14,47,18/11/2019
20191119,-0.21,-0.04,-0.32,-1.53,0.29,-0.63,-0.83,0.91,-0.37,0.3,47,18/11/2019
20191120,0.14,-1.52,-0.5,0.79,-0.49,-0.93,-0.26,0.04,0.64,-0.48,47,18/11/2019
20191121,-0.47,-0.25,-0.65,1.68,-0.31,0.25,-0.35,0.23,-0.25,-0.05,47,18/11/2019
20191122,0.02,-0.12,0.3,-0.4,0.04,0.46,0.35,0.47,0.02,0.5,47,18/11/2019
20191125,0.53,1.45,0.82,0.24,1.32,-0.64,0.78,1.38,-0.2,0.99,48,25/11/2019
20191126,0.84,-0.14,0.47,-1.05,0.08,0.6,0.58,0.16,0.23,0.03,48,25/11/2019
20191127,0.47,0.33,0.02,0.33,0.54,0.62,0.61,0.67,0.15,0.38,48,25/11/2019
20191129,-0.32,-0.69,-0.46,-1.15,-0.44,-0.26,-0.59,-0.27,-0.25,-0.32,48,25/11/2019
20191202,0.09,-0.69,-0.96,0.08,-1.34,-0.67,-0.65,-0.59,-0.76,-0.84,49,2/12/2019
20191203,-0.46,-0.72,-0.84,-1.39,-0.57,-0.21,-0.84,0.08,0.3,-1.08,49,2/12/2019
20191204,0.7,0.31,0.57,1.65,0.51,0.33,0.19,1.04,0.69,0.67,49,2/12/2019
20191205,0.05,0.13,0.33,-0.63,0.3,0.15,-0.36,-0.31,0.17,0.4,49,2/12/2019
20191206,0.49,1.14,1.11,2.2,1.09,0.31,0.84,0.66,-0.08,1,49,2/12/2019
20191209,0.12,-0.22,-0.27,-0.32,-0.44,-0.64,0.01,-0.53,-0.15,-0.35,50,9/12/2019
20191210,-0.31,0.48,-0.34,0.11,0.01,-0.56,-0.32,0.28,0.18,-0.05,50,9/12/2019
20191211,0.27,0.6,0.66,-0.39,0.56,0.04,0.14,0.01,0.36,0.15,50,9/12/2019
20191212,-0.05,1.74,0.8,2.3,0.7,0.58,0.76,0.82,-0.38,1.48,50,9/12/2019
20191213,0.22,-1.33,-0.4,-1.08,0.26,0.1,-0.22,0.03,0.67,-0.15,50,9/12/2019
20191216,0.51,1.99,-0.04,1.58,1.03,0.54,0.39,0.89,1.21,0.63,51,16/12/2019
20191217,-0.06,0.03,0.09,0.18,-0.19,-0.08,0.44,0.21,0.43,0.26,51,16/12/2019
20191218,0.35,1.52,-0.23,0.26,0.07,-0.24,-0.3,0.01,0.55,-0.25,51,16/12/2019
20191219,0.52,0.28,0.43,-0.1,0.71,0.59,0.44,0.37,0.04,0.24,51,16/12/2019
20191220,0.91,0.41,0.47,0.81,0.48,0.92,0.12,0.75,0.74,0.28,51,16/12/2019
20191223,-0.13,0.38,0.46,0.98,0.35,-0.56,-0.31,0.51,-0.78,-0.13,52,23/12/2019
20191224,-0.08,0.32,-0.25,0.03,-0.07,0.18,0.2,0.07,0.01,0.09,52,23/12/2019
20191226,0.19,0.16,0.11,0.08,0.78,0.44,1.3,-0.24,0.17,0.45,52,23/12/2019
20191227,0.33,-0.2,0.03,-0.57,-0.09,0.07,-0.02,-0.24,0.15,-0.16,52,23/12/2019
20191230,-0.4,-1.33,-0.55,-0.37,-0.71,-0.47,-0.56,-0.74,-0.03,-0.44,53,30/12/2019
20191231,0.21,0.44,0.2,0.77,0.33,0.24,0.06,0.36,0.58,0.21,53,30/12/2019
20200102,-0.73,1.37,0.53,0.94,1.82,0.44,0.94,0.11,-1.31,0.89,53,30/12/2019
20200103,-0.03,-0.67,-0.47,-0.33,-0.81,-0.46,-0.72,-0.81,0.2,-0.85,53,30/12/2019
20200106,0.2,0.23,-0.17,0.82,0.7,-0.07,0.53,0.51,0.21,0.06,54,6/1/2020
20200107,-0.72,0.43,-0.18,-0.18,0.06,0.1,-0.2,-0.32,-0.2,-0.42,54,6/1/2020
20200108,0.42,1.1,0.14,-1.9,0.88,0.31,-0.01,0.51,-0.26,0.77,54,6/1/2020
20200109,0.3,-0.78,0.56,0.63,1.09,-0.06,0.64,0.57,0.5,0.51,54,6/1/2020
20200110,-0.13,-0.82,-0.69,-0.74,-0.13,-0.52,-0.53,0.04,0.16,-0.5,54,6/1/2020
20200113,1.17,2.93,0.93,0.01,1.24,0.24,0.14,-0.07,0.72,0.63,55,13/1/2020
20200114,0.08,0.84,0.08,0.07,-0.55,0.3,-0.1,0.85,0.28,-0.06,55,13/1/2020
20200115,0.55,-1.16,0.29,-0.56,0.11,0.11,-0.17,0.57,1.23,0.08,55,13/1/2020
20200116,0.47,0.54,0.89,0.03,1.21,0.73,0.82,0.45,0.62,0.96,55,13/1/2020
20200117,0.09,-0.32,0.09,-0.74,0.65,0.31,-0.03,-0.07,0.61,0.35,55,13/1/2020
20200121,0.11,1.24,-0.81,-1.89,-0.19,-0.01,0.3,-0.19,0.39,-0.72,56,20/1/2020
20200122,0.3,0.61,-0.38,-1,0.25,0.61,-0.02,0.12,0.13,0.05,56,20/1/2020
20200123,-0.27,0.35,0.26,-0.6,0.32,-1.16,0.13,-0.58,0.99,0.23,56,20/1/2020
20200124,-0.72,-1.42,-0.63,-1.24,-0.59,-1.16,-1.23,-1.66,0.11,-1.2,56,20/1/2020
20200127,-0.91,-1.74,-1.5,-2.78,-2.19,-1.17,-0.86,-0.3,-0.45,-1.82,57,27/1/2020
20200128,0.07,1.33,0.51,0.55,1.72,0.8,0.84,0.43,0.45,1.08,57,27/1/2020
20200129,-0.32,0.35,-0.31,-1.12,0.28,-2.19,-0.13,0.01,0.1,-0.04,57,27/1/2020
20200130,1.29,2.68,0.03,0.82,0.09,0.8,0.05,-0.44,0.83,0.73,57,27/1/2020
20200131,-1.53,-0.65,-1.89,-3.28,-2.51,-0.02,0.64,-1.7,-0.57,-2.15,57,27/1/2020
20200203,0.32,6.82,0.8,-1.59,1.35,-0.2,0.19,1.18,0.46,0.74,58,3/2/2020
20200204,0.63,5.83,1.76,0.06,2.08,1.76,1.43,1.73,-0.82,1.37,58,3/2/2020
20200205,0.55,-6.17,1.67,4.17,0.44,0.07,0.83,1.38,0.58,1.67,58,3/2/2020
20200206,0.09,-0.18,0.23,-1.27,0.97,0.69,-0.01,0.14,-0.08,-0.12,58,3/2/2020
20200207,0.06,-1.38,-1.06,-0.89,-0.77,0.09,0.14,-0.73,-0.33,-0.51,58,3/2/2020
20200210,0.59,1.44,0.46,-0.74,1.23,0.31,1.11,0.66,0.34,0.37,59,10/2/2020
20200211,0.1,0.96,0.28,1.08,-0.27,1.17,0.61,0.4,0.36,0.49,59,10/2/2020
20200212,0,0.45,0.75,1.35,1.06,0.58,0.74,-0.31,0.1,0.72,59,10/2/2020
20200213,0.16,1.43,-0.11,-0.4,-0.26,0.03,0.01,-0.5,1.01,-0.03,59,10/2/2020
20200214,0.15,-0.91,-0.09,-0.58,0.47,-0.17,-0.16,0.32,0.62,0.01,59,10/2/2020
20200218,-0.54,2.09,-0.81,-0.79,-0.23,0.23,0.52,-0.27,0.68,-0.41,60,17/2/2020
20200219,0.07,2.65,0.27,1.44,0.88,0.66,0.21,0.46,-0.76,0.68,60,17/2/2020
20200220,0.02,-0.45,-0.05,-0.23,-0.88,-0.36,0.13,-0.43,0.43,-0.13,60,17/2/2020
20200221,-0.13,-0.84,-0.38,-1.36,-2.08,-0.43,-1.12,-0.02,-0.24,-1.03,60,17/2/2020
20200224,-2.61,-5.26,-3.16,-4.86,-4.05,-2.12,-2.96,-2.5,-1.35,-3.64,61,24/2/2020
20200225,-2.11,-3.72,-3.51,-4.37,-2.92,-2.44,-2.3,-2.53,-2.28,-3.94,61,24/2/2020
20200226,-0.51,-1.53,-0.62,-3.3,0.31,-1.43,-0.55,0.08,-1.19,-1.03,61,24/2/2020
20200227,-3.84,-6.56,-3.97,-5.61,-4.89,-3.45,-4.27,-3.01,-4.58,-3.92,61,24/2/2020
20200228,-1.9,-0.95,-1.21,1.73,0.7,-1.23,-1.42,-1.42,-3.16,-1.5,61,24/2/2020
20200302,3.92,5.67,3.95,2.44,4.7,3.89,4.47,4.36,5.44,4.13,62,2/3/2020
20200303,-1.22,-1.89,-1.98,-3.23,-3.42,-2.48,-2.24,-2.61,-1.18,-3.3,62,2/3/2020
20200304,4.5,1.88,3.97,2.11,4.05,3.78,3.59,4.98,5.24,3.96,62,2/3/2020
20200305,-2.53,-3.96,-4.17,-3.77,-3.4,-3.19,-2.82,-1.96,-1.73,-4.37,62,2/3/2020
20200306,-1.51,-2.69,-1.12,-5.63,-2.06,-0.72,-0.91,-0.65,-1.19,-2.29,62,2/3/2020
20200309,-5.96,-10.29,-8.25,-19.68,-7.3,-6.56,-5.05,-5.65,-7.18,-9.59,63,9/3/2020
20200310,3.17,5.63,4.35,5.4,5.74,3.94,4.47,3.21,1.25,5.6,63,9/3/2020
20200311,-4.27,-3.52,-6.48,-5.76,-4.94,-3.67,-4.74,-4.58,-5.07,-5.47,63,9/3/2020
20200312,-9.87,-10.27,-10.26,-11.58,-9.51,-9.09,-9.29,-7.48,-10.55,-10.34,63,9/3/2020
20200313,7.11,3.98,7.88,9.11,10.7,9.08,7.05,6.61,6.17,10.57,63,9/3/2020
20200316,-9.12,-14.41,-11.06,-13.37,-13.15,-8.85,-10.66,-9.62,-11.65,-13.51,64,16/3/2020
20200317,7.4,-0.47,5.95,1.42,6.36,4.14,6.11,5.94,11.78,4.82,64,16/3/2020
20200318,-6.05,-11.52,-6.63,-13.08,-4.33,-4.13,-2.66,-2.47,-5.75,-8.84,64,16/3/2020
20200319,-1.02,7.32,0.34,5.47,1.5,1.16,2.43,-1.04,-3.63,2.71,64,16/3/2020
20200320,-6.15,-2.64,-5.47,0.16,-3.6,-6.83,-3.61,-4.23,-7.45,-3.81,64,16/3/2020
20200323,-3.12,-1.61,-4.25,-6.69,-0.82,-1.32,0.52,-3.79,-5.62,-4.75,65,23/3/2020
20200324,7.45,15,10.71,15.99,9.15,5.77,6.03,6.99,10.94,12.29,65,23/3/2020
20200325,2.13,4.46,3.65,4.46,-0.76,0.43,-1.17,0.51,2.85,3.69,65,23/3/2020
20200326,5.69,1.48,7.17,6,6.15,6.9,4.32,6.45,8.07,6.01,65,23/3/2020
20200327,-1.95,-3.37,-3.28,-6.94,-4.2,-4.19,-2.62,-2.15,-0.07,-4.02,65,23/3/2020
20200330,3.99,0.03,2.51,1.53,3.93,2.63,2.9,4.81,3.3,2.05,66,30/3/2020
20200331,-1.66,0.35,-1.99,1.42,-1.12,-2.18,-1.46,-0.31,-3.36,-2.03,66,30/3/2020
20200401,-3.34,-6.55,-4.21,-4.4,-4.66,-3.01,-2.79,-4,-6.2,-5.58,66,30/3/2020
20200402,2.32,-2.44,1.76,9,1.89,2.97,0.8,3.47,3.39,1.8,66,30/3/2020
20200403,0.44,0.41,-1.29,-1.32,-1.72,-2.39,-1.1,-0.68,-3.29,-2.67,66,30/3/2020
20200406,4.48,8.16,7.14,5.11,8.14,5.98,6.68,4.97,7.43,7.92,67,6/4/2020
20200407,0.54,3.87,-0.16,1.61,-0.69,1.17,0.31,-1.34,-0.79,0.56,67,6/4/2020
20200408,2.08,3.39,3.97,7.14,2.78,1.52,2.13,3.78,5.23,4.54,67,6/4/2020
20200409,2.11,3.86,1.59,-1.25,0.38,1.6,1.14,0.97,4.77,3.27,67,6/4/2020
20200413,-2.26,2.56,-2.32,-0.38,0.33,-1.31,1.56,-0.94,-2.95,-2.84,68,13/4/2020
20200414,3.95,4.77,2.43,-0.6,3.99,3.15,4.02,3.55,2.82,1.28,68,13/4/2020
20200415,-2.57,-1.25,-2.82,-4.43,-1.45,-2.36,-1.26,-0.97,-3.52,-3.45,68,13/4/2020
20200416,0.3,0.59,-0.33,-4.24,1.19,0.51,2.35,1.89,0.02,-0.81,68,13/4/2020
20200417,1.86,2.9,4.5,10.63,1.28,2.26,1.31,3.04,3.56,4.16,68,13/4/2020
20200420,-1.96,-1.39,-2.7,-3.4,-1.31,-1.55,-1.01,0.04,-3.57,-2.14,69,20/4/2020
20200421,-3.03,-4.96,-2.51,-1.36,-4.01,-2.84,-2.37,-3.1,-1.48,-2.75,69,20/4/2020
20200422,1.03,2.96,1.68,3.86,3.79,0.66,2.02,1.56,2.62,1.3,69,20/4/2020
20200423,-0.72,-0.45,0.41,3.46,-0.33,0.38,-0.05,0.64,-1.57,0.52,69,20/4/2020
20200424,1.51,2.15,0.65,0.11,1.88,1.12,1.55,1.53,0.78,1.25,69,20/4/2020
20200427,1.77,6.21,1.82,2.24,0.91,2.14,0.73,1.17,1.24,3.36,70,27/4/2020
20200428,1.5,-0.85,1.28,2.22,-1.63,-0.14,-0.61,-2.35,0.55,0.8,70,27/4/2020
20200429,0.3,3.64,2.52,7.91,4.34,2.44,1.39,0.93,-0.4,3.57,70,27/4/2020
20200430,-2.05,-2.91,-2.27,-1.76,0,-2.63,0.3,-0.91,-2.4,-2.45,70,27/4/2020
20200501,-2.01,-6.46,-2.79,-6.33,-2.71,-1.48,-3.83,-1.92,-2.63,-3.11,70,27/4/2020
20200504,-0.29,3.22,-0.68,3.85,1.26,-0.87,0.9,0.6,0.84,-0.5,71,4/5/2020
20200505,0.21,0.76,0.52,-0.03,1.54,-0.36,0.5,2.24,0.96,0.29,71,4/5/2020
20200506,-0.49,0.81,-1.31,-2.61,0.78,-1.77,0.2,-0.64,-3.42,-1.69,71,4/5/2020
20200507,-0.04,0.66,0.87,2.28,1.67,1.88,0.88,0.15,0.74,1.84,71,4/5/2020
20200508,2.84,4.36,3.25,4.58,1.28,2.74,1.44,0.76,2.25,2.32,71,4/5/2020
20200511,-0.59,-1.46,-1.11,-1.78,0.89,-1.16,0.62,2.51,-0.55,-1.64,72,11/5/2020
20200512,-1.12,-1.73,-2.41,-1.99,-2.03,-2.06,-2.01,-1.75,-1.11,-2.72,72,11/5/2020
20200513,-1.43,-3.39,-2.39,-4.52,-1.72,-1.86,-0.98,-1,-1.21,-2.76,72,11/5/2020
20200514,0.27,1.97,0.95,0.93,0.96,1.5,0.82,0.48,0.97,2.27,72,11/5/2020
20200515,0.41,0.19,0.48,-0.3,0.71,0.75,1.24,0.98,-0.96,-0.01,72,11/5/2020
20200518,2.36,4.99,5.34,8.23,2.02,4.5,2.21,1.1,4.48,5.29,73,18/5/2020
20200519,-1.37,-1.15,-1.49,-2.95,-0.25,-1.37,-0.33,-1.46,-1.7,-1.74,73,18/5/2020
20200520,1.5,1.58,1.65,3.84,2.28,1.42,1.19,0.61,0.86,2.17,73,18/5/2020
20200521,-0.88,0.95,-0.11,-1.31,-1,-0.63,-0.31,-0.8,-0.94,-0.56,73,18/5/2020
20200522,0.31,-0.42,0.03,-0.7,0.75,0.17,-0.19,0.3,1.05,-0.07,73,18/5/2020
20200526,1.56,2.65,3.19,2.81,-0.18,1.72,0.49,-0.95,1.04,3.97,74,25/5/2020
20200527,2.08,1.77,2.94,1.06,0.54,2.05,1.05,0.56,1.04,3.34,74,25/5/2020
20200528,-0.02,-2.28,-0.39,-3.05,-0.23,-1.03,-0.33,0.99,2.39,-1.47,74,25/5/2020
20200529,0.08,0.68,-0.46,-0.35,1.32,0.84,0.85,1.46,0.76,-0.67,74,25/5/2020
20200601,0.89,4.26,0.54,1.91,0.41,0.1,0.48,-1.07,0.97,0.85,75,1/6/2020
20200602,0.36,-0.08,1.13,2.97,0.76,0.61,0.68,0.56,0.62,0.98,75,1/6/2020
20200603,1.07,2.08,3.14,3.08,0.62,1.67,0.81,-0.31,1.39,2.93,75,1/6/2020
20200604,0.02,0.28,0.3,-0.12,-1.02,0.46,-0.62,-1.07,-1.61,0.94,75,1/6/2020
20200605,2.16,3.86,3.19,7.97,2.21,1.35,1.51,1.2,1.78,3.61,75,1/6/2020
20200608,1.52,4.03,1.57,4.54,0.65,1.95,1.19,0.84,2.93,1.55,76,8/6/2020
20200609,-1.4,-1.78,-1.88,-3.67,0.4,-2.02,0.29,-0.93,-2.36,-1.8,76,8/6/2020
20200610,-0.75,1.71,-1.74,-5.16,1.26,-0.85,-0.28,0.18,-0.84,-2.71,76,8/6/2020
20200611,-5.27,-6.39,-6.82,-9.27,-5.48,-5.27,-3.99,-5.32,-4.74,-7.58,76,8/6/2020
20200612,0.66,-0.21,1.73,3.19,1.22,1.11,0.13,0.79,-0.14,2.38,76,8/6/2020
20200615,1.55,3.01,1.14,-0.21,1.22,0.75,0.77,0.7,1,1.05,77,15/6/2020
20200616,1.85,0.44,2.1,2.98,2,0.74,2.09,2.38,0.55,1.7,77,15/6/2020
20200617,-0.34,-0.32,-0.56,-3.59,0.05,-0.89,0.12,-0.13,-0.65,-1,77,15/6/2020
20200618,0.51,0.41,-0.09,1.14,0.34,0.8,-0.21,-0.03,0.04,-0.1,77,15/6/2020
20200619,-1.26,-0.33,-0.83,-1.57,-0.36,-1.15,0.1,1.34,-2.93,-0.82,77,15/6/2020
20200622,-0.12,-0.15,0.09,0.44,1.62,-0.51,1.03,-0.1,1.15,0.1,78,22/6/2020
20200623,-0.19,0.4,0.01,0.11,0.67,0.14,0.75,0.23,-1.05,0.58,78,22/6/2020
20200624,-2.23,-3.91,-2.86,-5.6,-2.28,-2.25,-1.63,-2.53,-1.28,-3.62,78,22/6/2020
20200625,0.62,1.64,1.13,1.92,1.14,0.37,0.32,1.11,-0.92,2.01,78,22/6/2020
20200626,-2.31,-2.07,-2.18,-3.57,-2.43,-2.16,-1.84,-1.38,-1.38,-3.49,78,22/6/2020
20200629,2.13,3.89,3.02,1.65,1.19,2.17,1.12,0.57,1.92,1.78,79,29/6/2020
20200630,0.84,3.73,0.96,2.1,1.88,0.56,1.57,1.79,0.74,1.54,79,29/6/2020
20200701,0.08,1.3,-0.76,-2.49,0.71,0.64,1.58,0.74,1.8,-0.37,79,29/6/2020
20200702,0.35,4.51,1.15,1.19,0.48,-0.36,0.24,0.69,0.4,0.23,79,29/6/2020
20200706,0.69,7.64,1.33,0.45,1.85,1.5,2.81,0.75,-1.18,1.71,80,6/7/2020
20200707,-0.05,-0.17,-1.38,-3.18,-0.77,-0.7,-0.75,-0.25,-0.52,-1.97,80,6/7/2020
20200708,-0.22,-0.84,-0.03,0.06,1.67,0.56,0.93,0.28,0.62,0.86,80,6/7/2020
20200709,-1.74,0.09,-1.56,-4.81,0.56,-0.99,1.15,-0.49,-1.59,-2.09,80,6/7/2020
20200710,2.36,6.99,1.57,3.26,0.05,1.85,0.92,-0.4,1.93,2.47,80,6/7/2020
20200713,-0.34,-1.84,-0.01,-0.66,-2.42,-1.12,-1.7,-0.29,0,-0.17,81,13/7/2020
20200714,1.54,1.95,2.18,3.62,1.06,1.49,0.82,1.9,1.07,1.25,81,13/7/2020
20200715,0.71,2.65,1.69,1.92,0.55,1.05,0,1.86,0.02,2.25,81,13/7/2020
20200716,0.27,-1.41,-0.09,-0.44,-0.91,0.38,-0.08,-0.43,1.09,-0.2,81,13/7/2020
20200717,0.49,-0.45,0.19,-1.62,0.54,0.07,-0.4,1.76,1.97,-0.42,81,13/7/2020
20200720,-1.19,4.83,-0.79,-1.65,2.6,-0.65,2.93,0.37,-1.5,-0.34,82,20/7/2020
20200721,1.57,-1.94,1.12,6.31,-0.91,0.63,-0.15,-0.67,0.94,1.17,82,20/7/2020
20200722,0.91,1.34,0.96,-1.22,0.58,-0.02,0.28,0.61,1.2,0.27,82,20/7/2020
20200723,0.39,-2.23,-0.03,-0.05,-2.48,-0.38,-1.75,-0.78,0.03,-0.2,82,20/7/2020
20200724,-0.08,-3.84,-0.65,-0.65,-1.07,0.45,0.24,-1.41,-0.71,-0.61,82,20/7/2020
20200727,0.94,5.04,0.76,0.17,1.67,-0.24,0.81,1.15,-1.34,-0.11,83,27/7/2020
20200728,-0.26,-2.4,-0.87,-1.82,-1.3,0.16,-1.1,-0.33,1.43,-0.51,83,27/7/2020
20200729,0.62,1.22,1.01,2.04,1.74,0.4,1.13,0.43,0.79,1.9,83,27/7/2020
20200730,-0.85,-1.23,-0.72,-4.09,0.63,-0.19,0.09,-0.26,-0.25,-1.24,83,27/7/2020
20200731,-0.4,-2.61,-0.51,-0.52,2.12,0.46,1.21,-0.82,0.07,-0.26,83,27/7/2020
20200803,-0.28,2.85,0.58,0.28,2.02,0.16,-0.3,1.51,-0.88,0.5,84,3/8/2020
20200804,0.6,0.28,0.71,2.11,0.04,1.17,1.13,-0.36,1.34,0.2,84,3/8/2020
20200805,0.37,0.84,1.7,1.23,0.36,0.65,0.83,0.25,-1.02,1.7,84,3/8/2020
20200806,-0.23,-0.12,-0.37,-0.65,1.4,0.98,0.42,-0.63,0.35,0.39,84,3/8/2020
20200807,0.65,-0.95,0.99,0.17,-1.32,0.86,-0.28,0.2,1.82,1.47,84,3/8/2020
20200810,0.43,-0.24,1.94,3.24,-0.57,0.34,0.29,-0.56,0.18,0.89,85,10/8/2020
20200811,-0.19,-1.16,0.12,-0.36,-1.83,-0.31,-0.97,-1.11,-1.97,0.54,85,10/8/2020
20200812,1.15,6.42,0.75,1.15,2.12,0.55,1.74,1.47,1.39,0.16,85,10/8/2020
20200813,-0.03,1.87,-0.34,-1.98,0.41,-0.12,-0.07,0.11,-0.46,-0.48,85,10/8/2020
20200814,-0.09,1.07,0.19,1,-0.29,0.3,0.07,-0.44,-0.52,0.24,85,10/8/2020
20200817,0.24,6.55,-0.31,-0.65,0.69,-0.25,1.28,1.3,-0.17,-0.67,86,17/8/2020
20200818,0.29,1.32,-0.32,-1.37,0.65,-0.04,1.3,-0.05,-0.57,-0.53,86,17/8/2020
20200819,-0.66,-0.52,-0.26,-1.14,-0.29,-0.34,-0.87,-0.48,-0.36,-0.06,86,17/8/2020
20200820,-0.15,3.45,-0.62,-2.19,1.38,-0.12,-0.02,-0.03,-0.95,-0.35,86,17/8/2020
20200821,-0.13,1.08,0.11,-0.79,0.78,-0.24,0.23,-0.2,0.05,-0.05,86,17/8/2020
20200824,1.36,-0.12,1.77,2.86,0.64,1.35,0.75,-0.56,1.02,1.68,87,24/8/2020
20200825,-0.17,-0.07,-0.3,-1.22,0.73,-0.41,0.51,0.83,-0.96,0.27,87,24/8/2020
20200826,0.38,4.01,0.07,-2.31,2.39,0.82,1.4,-0.18,-1.39,0,87,24/8/2020
20200827,0.34,2.44,-0.08,0.3,-0.47,0.31,-0.18,0.6,0.47,1.08,87,24/8/2020
20200828,1.01,-0.26,0.89,1.71,0.77,0.45,0.51,0.1,0.39,0.93,87,24/8/2020
20200831,-0.51,7.23,-1.15,-2.3,0.45,-0.63,0.15,0.62,0.07,-1.17,88,31/8/2020
20200901,-0.12,-2.55,1.31,-0.76,2.15,0.07,1.46,-1.26,-1.13,0.6,88,31/8/2020
20200902,2.36,-2.97,1.95,-0.74,1.09,1.33,1.08,1.82,2.73,1.34,88,31/8/2020
20200903,-1.85,-6.89,-2.88,-0.8,-5.67,-1.41,-3.51,-3.01,-1.12,-2.16,88,31/8/2020
20200904,-0.11,1.68,0.01,-0.33,-1.79,-0.43,-1.5,-0.66,-0.57,0.06,88,31/8/2020
20200908,-1.97,-12.48,-2.12,-4.06,-4.13,-0.54,-2.64,-1.64,-0.83,-2.09,89,7/9/2020
20200909,1.08,6.2,1.67,0.58,2.94,0.68,2.41,1.98,1.18,1.09,89,7/9/2020
20200910,-0.85,0.13,-1.14,-3.76,-1.97,-1.05,-1.91,-1.59,-1.88,-1.38,89,7/9/2020
20200911,0.58,0.49,1.18,0.23,-0.66,0.01,-0.6,0.35,0.2,0.37,89,7/9/2020
20200914,0.88,8.07,1.33,0.6,1.6,0.82,0.57,2.37,1.44,1.65,90,14/9/2020
20200915,0.05,4.39,-0.15,-0.75,1.18,0.99,0.99,0.44,0.44,-0.51,90,14/9/2020
20200916,-0.56,-1.15,0.41,4.02,-1.56,0.35,-1,0.13,0.23,0.76,90,14/9/2020
20200917,-0.96,-2.52,0.17,0.35,-1.14,-1.23,-1.23,-0.2,-0.82,-0.76,90,14/9/2020
20200918,-1.27,2.16,-1.08,-0.96,-1.36,-0.73,-1.16,0.09,-1.74,-0.57,90,14/9/2020
20200921,-1.31,0.14,-2.74,-3.32,0.52,-1.61,-0.53,-1.88,-0.69,-2.65,91,21/9/2020
20200922,0.54,-3.46,1.04,-1.04,1.76,1.28,2.76,0.25,0.58,-0.14,91,21/9/2020
20200923,-1.61,-6.95,-1.46,-4.59,-2.92,-2.4,-2.65,-1.36,-1.84,-2.25,91,21/9/2020
20200924,0.47,0.97,0.17,0.16,0.46,0.34,0.27,-0.8,1.09,0.27,91,21/9/2020
20200925,0.85,3.08,0.98,0.06,2.39,0.75,1.44,1.75,1.48,1.43,91,21/9/2020
20200928,1.52,3.16,1.56,2.33,1.67,1.37,1.97,0.7,0.46,2.03,92,28/9/2020
20200929,-0.77,-0.65,-0.51,-2.73,-0.04,-0.53,-0.67,0,-0.13,-0.83,92,28/9/2020
20200930,1.09,1.78,0.38,-0.16,0.68,0.05,0.81,1.28,0.72,0.95,92,28/9/2020
20201001,0.74,3.37,-0.04,-2.99,1.19,0.34,1.58,-0.27,0.69,0.71,92,28/9/2020
20201002,-0.1,-4.23,0.54,0.98,-2.2,-1,-1.18,-1.25,1.22,0.46,92,28/9/2020
20201005,0.84,2.61,1.85,3.01,2.25,0.99,1.69,2.44,1.4,1.7,93,5/10/2020
20201006,-0.88,-2.01,-0.83,-1.52,-1.41,-1.31,-2.01,-1.32,0.66,-1.12,93,5/10/2020
20201007,1.71,2.84,1.88,1.48,1.73,1.01,2.14,1.98,0.74,2.02,93,5/10/2020
20201008,0.74,0.6,0.9,3.79,0.6,0.8,0.46,0.48,1.96,1.06,93,5/10/2020
20201009,0.79,1.14,0.56,-1.47,1.52,0.12,1.35,0.78,-0.23,0.45,93,5/10/2020
20201012,1.15,1.44,0.45,0.35,2.66,0.94,2.19,0.57,0.68,0.72,94,12/10/2020
20201013,-0.11,0.62,-0.64,-1.68,-0.22,0.18,0.34,-0.44,-0.74,-1.28,94,12/10/2020
20201014,-0.44,1.61,0.12,0.09,-0.61,-1.74,-1.34,-0.66,-0.04,-0.83,94,12/10/2020
20201015,0.16,-1.37,0.4,1.35,-0.42,-0.17,0.18,-0.93,0.01,0.55,94,12/10/2020
20201016,-0.31,-0.97,0.35,-1.99,-0.12,-0.11,-0.8,0.71,0.76,0.1,94,12/10/2020
20201019,-1.23,-1.41,-1.17,-2.32,-1.63,-2,-1.62,-1.62,-0.88,-1.48,95,19/10/2020
20201020,-0.57,-0.67,0.27,1.16,0.43,-0.04,0.45,-0.24,0.63,0.79,95,19/10/2020
20201021,-0.27,0.08,-0.39,-1.92,0.11,0.19,-0.62,-1.02,-0.33,-0.68,95,19/10/2020
20201022,0.71,1.26,0.47,4.18,0.03,1.43,-0.25,1.46,1.71,1.34,95,19/10/2020
20201023,0.28,-0.58,0.43,-0.39,0.39,-0.05,0.73,0.35,0.22,0.48,95,19/10/2020
20201026,-1.72,-1.07,-2.09,-3.67,-2.08,-1.97,-1.18,-0.97,-0.4,-2.36,96,26/10/2020
20201027,-0.34,0.25,-1.44,-1.43,0.69,-0.56,0.67,-0.51,-0.18,-1.63,96,26/10/2020
20201028,-3.02,-3.83,-2.96,-4.37,-4.06,-2.65,-3.04,-3.04,-2.95,-3.13,96,26/10/2020
20201029,0.15,1.16,1.2,3.23,1.82,1.38,0.63,-0.1,0.36,0.98,96,26/10/2020
20201030,-0.88,-3.83,-0.47,0.15,-2.29,0.4,-2.79,-0.77,-0.82,-0.24,96,26/10/2020
20201102,1.75,2.6,2.54,3.95,0.26,-0.01,0.54,1.28,2.03,2.11,97,2/11/2020
20201103,1.44,4.22,2.29,-0.78,1.77,1.42,2.14,1.38,1.44,2.44,97,2/11/2020
20201104,0.31,-0.88,-0.87,0.05,4.32,1.31,2.76,4,-1.57,0.6,97,2/11/2020
20201105,0.91,3.96,2.74,0.28,2.71,1.86,1.96,0.22,0.91,2.31,97,2/11/2020
20201106,-0.14,-0.74,0.24,-1.79,0.49,0.57,0.15,-0.2,-0.54,-0.71,97,2/11/2020
20201109,0.95,-1.05,1.77,14.04,-2.01,3.46,-2.29,0.93,2.57,5.74,98,9/11/2020
20201110,2,-0.56,1.54,3.06,-2,1.13,-0.55,0.54,1.94,0.92,98,9/11/2020
20201111,0.77,1,-0.45,-0.68,2.36,-0.1,1.53,0.15,0.25,-0.57,98,9/11/2020
20201112,-0.81,-1.49,-1.26,-3.55,-0.61,-0.43,-0.85,-0.55,-1.83,-1.32,98,9/11/2020
20201113,1.23,0.71,2.02,3.84,0.81,1.7,1.06,1.34,1.31,1.73,98,9/11/2020
20201116,1.7,0.89,1.97,6.41,0.73,1.25,1.05,-0.07,1.11,1.96,99,16/11/2020
20201117,-0.02,4.56,0.05,0.93,-0.35,0.22,-0.81,-0.18,-1.54,-0.29,99,16/11/2020
20201118,-1.22,5.99,-0.73,-2.81,-1.12,-0.8,-0.75,-1.55,-2.04,-0.93,99,16/11/2020
20201119,0.39,2.09,0.36,1.48,1.07,-0.03,0.66,0.35,-0.62,0.02,99,16/11/2020
20201120,-0.34,-1.12,-0.47,-0.61,-0.61,0,-0.56,0.2,0.03,-0.9,99,16/11/2020
20201123,0.45,5.02,1.58,7.33,-0.16,1.03,0.66,-0.16,0.47,1.6,100,23/11/2020
20201124,1.12,4.87,1.64,5.32,1.12,2.19,0.96,0.03,1.52,2.55,100,23/11/2020
20201125,-0.47,1.47,-0.77,-2.42,0.45,-0.64,0.63,-0.12,0.03,-0.45,100,23/11/2020
20201127,0,1.15,0.13,-1.28,0.84,-0.01,0.27,1.46,-0.97,-0.15,100,23/11/2020
20201130,-0.37,-2.25,-1.07,-5.64,0.45,-0.46,-0.42,0.46,-1.67,-1.57,101,30/11/2020
20201201,1.03,2.1,0.58,0.49,1.19,0.99,0.96,0.6,0.63,1.2,101,30/11/2020
20201202,-0.54,-2.01,-0.21,3.09,0.01,0.92,-0.74,0.31,0.73,0.8,101,30/11/2020
20201203,1.05,2.85,0.2,1.04,0,0.21,-0.17,0.01,-0.83,0.15,101,30/11/2020
20201204,1.39,1.17,1.37,5.59,0.78,0.32,-0.04,1.28,-0.38,1.41,101,30/11/2020
20201207,-0.42,4.35,-0.34,-2.43,0.35,0.29,-0.38,-0.33,0.23,-0.37,102,7/12/2020
20201208,0.57,0.86,0.69,1.73,0.37,0.21,0.38,1.34,-0.18,0.06,102,7/12/2020
20201209,-0.04,-4.21,-0.35,0.33,-1.94,-0.18,-0.68,-0.45,-0.1,-0.4,102,7/12/2020
20201210,-0.19,1.95,-0.55,3.48,0.53,-0.68,-0.15,0.53,-0.23,-0.15,102,7/12/2020
20201211,-0.14,-1.95,-0.04,-1.16,-0.03,2.79,-0.12,-0.33,0.08,-0.67,102,7/12/2020
20201214,-0.12,2.72,-0.87,-3.55,0.17,-1.34,0.3,-0.21,-0.73,-0.78,103,14/12/2020
20201215,0.63,-0.03,1.6,1.74,1.5,1.05,0.84,0.97,2.11,1.51,103,14/12/2020
20201216,0.24,-1.19,-0.41,-0.36,0.6,-0.61,0.91,-0.35,-1.21,-0.02,103,14/12/2020
20201217,0.81,3.68,0.5,-0.46,0.68,-0.04,0.45,1.38,0.6,0.76,103,14/12/2020
20201218,0.23,3.75,-0.01,-1.54,-0.07,-0.23,-0.67,0.16,-1.02,-0.49,103,14/12/2020
20201221,-0.99,-4.18,-0.18,-1.64,0.09,-1.11,-0.05,-0.49,-1.4,0.12,104,21/12/2020
20201222,-0.39,-0.95,-0.44,-1.72,0.91,-0.59,-0.21,0.01,-0.13,-0.63,104,21/12/2020
20201223,0.7,1.11,0.25,2.46,-0.66,0.87,-0.28,0.14,-0.06,0.98,104,21/12/2020
20201224,0.3,1.41,0.35,-0.72,0.38,0.29,-0.08,-0.07,0.6,0.25,104,21/12/2020
20201228,0.35,-0.07,-0.19,-0.5,0.79,0.96,1.63,-0.55,0.26,0.56,105,28/12/2020
20201229,-0.38,-0.06,-0.58,-0.65,-0.64,0.09,0.06,-0.04,-0.19,-0.31,105,28/12/2020
20201230,0.23,3.08,0.84,1.89,-0.2,0,-0.37,0.28,0.53,0.62,105,28/12/2020
20201231,0.53,0.82,0.35,-1.01,0.26,0.96,-0.17,0.48,1.39,0.86,105,28/12/2020
20210104,-1.67,1.6,-1.68,0.21,-1.64,-1.25,-1.22,-0.8,-2.32,-1.44,106,4/1/2021
20210105,0.34,1.22,1.72,4.83,0.89,-0.24,0.74,0.74,0.31,0.46,106,4/1/2021
20210106,0.27,2.98,2.66,2.94,-1.44,1.17,0.3,0.82,2.65,3.2,106,4/1/2021
20210107,0.25,6.06,0.83,1.53,2.79,0.11,0.68,1.53,-1.11,1.37,106,4/1/2021
20210108,0.54,5.33,-0.48,-0.12,0.88,-0.11,0.64,0.32,0.59,-0.19,106,4/1/2021
20210111,-1.19,-5.04,0.26,1.67,-1.06,-0.11,-0.67,0.7,-0.63,-0.01,107,11/1/2021
20210112,-0.15,4.26,1,3.41,-0.25,-1.56,0.8,-0.49,-0.03,0.73,107,11/1/2021
20210113,0.07,0.27,-0.88,-0.9,0.35,-0.11,0.12,0.38,1.55,-0.34,107,11/1/2021
20210114,-0.23,-0.06,0.39,3.17,-0.62,-0.13,-0.57,0.67,-0.21,-0.06,107,11/1/2021
20210115,-0.51,-2.16,-1.27,-4.04,-0.71,-0.22,-0.45,0.18,0.78,-1.36,107,11/1/2021
20210119,-0.16,2.62,0.69,2.33,1.62,0.23,-0.25,1.17,-0.49,0.49,108,18/1/2021
20210120,0.47,1.01,0.17,0.4,2.17,0.65,2.27,0.49,0.39,0.8,108,18/1/2021
20210121,-0.37,0.03,-0.6,-3.41,0.95,-0.27,0.61,-0.68,-0.78,-0.88,108,18/1/2021
20210122,-0.21,0.19,-0.34,-0.42,0.09,0.1,0.01,0.24,0.19,-0.72,108,18/1/2021
20210125,0.8,2.39,-0.35,-0.86,0.52,0.81,-0.08,1.12,1.64,-0.63,109,25/1/2021
20210126,0.69,-0.18,-0.95,-2.32,-0.17,0.63,0.63,-0.53,-0.85,-0.85,109,25/1/2021
20210127,-1.43,-2.08,-2.61,-0.88,-2.39,-3.12,-2.32,-2.87,-2.36,-3.13,109,25/1/2021
20210128,0.28,-2.35,1.29,1.14,0.78,2.37,0.03,1.07,1.03,1.96,109,25/1/2021
20210129,-1.98,-4.08,-2.05,-3.45,-1.98,-2.39,-1.36,-0.65,-0.66,-2.05,109,25/1/2021
20210201,0.36,4.68,1.36,0.98,2.53,0.76,1.58,0.58,0.58,1.39,110,1/2/2021
20210202,1.1,2.97,1.58,1.14,1.49,1.49,1,0.43,0.69,2.26,110,1/2/2021
20210203,0.01,-0.74,0.07,4.16,0.29,-0.38,-0.37,-0.24,-0.02,0.21,110,1/2/2021
20210204,1.55,-0.06,0.66,0.99,1.16,1.41,1.07,1.11,0.63,1.81,110,1/2/2021
20210205,0.76,0.52,0.77,1.06,0.57,-0.17,0.66,1.05,0.59,0.29,110,1/2/2021
20210208,0.62,1.54,1.34,4.52,0.9,1.32,0.31,0.83,-0.43,0.98,111,8/2/2021
20210209,0.12,-0.72,-0.28,-1.27,0.08,-0.05,-0.12,-0.27,0.07,0.38,111,8/2/2021
20210210,-0.01,-3.71,-0.1,1.9,0.02,0.22,-0.37,-0.2,0.63,0.1,111,8/2/2021
20210211,-0.28,0.3,0.48,-1.49,0.8,0.22,-0.54,0.11,-0.64,-0.03,111,8/2/2021
20210212,0.39,0.33,0.47,1.45,0.65,-0.35,0.23,0.46,-0.54,0.66,111,8/2/2021
20210216,-0.59,-1.72,0.07,2.87,-0.28,-0.34,-0.26,-1.08,-0.79,0.72,112,15/2/2021
20210217,0.01,-0.18,-0.31,1.39,-0.87,1.32,0.63,0.22,0.24,-0.02,112,15/2/2021
20210218,0.46,-1.4,-0.82,-2.3,-0.61,-0.69,-0.36,-1,0.13,-0.39,112,15/2/2021
20210219,-1.03,0.15,1.49,1.76,-0.11,-0.54,-0.78,-0.36,-1.04,0.96,112,15/2/2021
20210222,0.15,-5.69,-0.37,3.41,-2.55,1.09,-1.22,-0.95,-1.58,0.82,113,22/2/2021
20210223,0.08,-1.92,0.22,1.58,-0.38,0.98,-0.59,-0.74,0.85,0.7,113,22/2/2021
20210224,0.42,4.66,1.85,3.65,0.83,0.42,-0.32,0.92,-0.68,1.96,113,22/2/2021
20210225,-1.57,-6.39,-2.21,-1.99,-3.5,-2.02,-2.48,-1.5,-1.06,-2.28,113,22/2/2021
20210226,-1.16,-0.52,-0.78,-2.23,0.71,-0.48,0.33,-0.64,-2.26,-1.12,113,22/2/2021
20210301,1.53,5.21,2.68,2.53,3.13,2.28,1.83,1.41,2.25,2.68,114,1/3/2021
20210302,-0.04,-2.87,-0.68,-0.63,-1.67,-0.24,-1.2,-0.91,-0.34,-0.3,114,1/3/2021
20210303,-0.79,-3.49,-0.48,1.52,-2.87,-0.32,-1.82,-2.18,-0.87,0.24,114,1/3/2021
20210304,-0.68,-4.07,-1.95,2.65,-2.04,-0.52,-1.26,-2.14,0.26,-1.55,114,1/3/2021
20210305,2.42,-1.25,2.49,4.12,1.74,2.38,1.32,1.84,1.77,2.28,114,1/3/2021
20210308,0.86,-3.06,0.46,-0.06,-2.96,2.55,0.31,-0.93,1.38,1.25,115,8/3/2021
20210309,0.5,11.59,0.35,-1.93,3.58,-1.38,1.94,1.36,0.68,-0.15,115,8/3/2021
20210310,0.94,0.33,1.62,2.69,-0.42,1.59,0.93,0.33,1.16,1.45,115,8/3/2021
20210311,-0.16,3.04,0.78,0.42,2.62,-0.46,1.09,1.26,-0.4,0.51,115,8/3/2021
20210312,0.32,0.31,0.93,0.1,-0.93,0.94,0.49,0.08,1.3,0.81,115,8/3/2021
20210315,0.83,1.32,0.76,-1.31,1.2,0.21,0.65,0.8,1.19,-0.04,116,15/3/2021
20210316,-0.22,-3.57,-0.9,-2.86,0.44,0.33,-0.22,-0.12,-0.17,-1.02,116,15/3/2021
20210317,0.28,3.09,0.94,0.77,0.13,-0.15,0.46,-0.2,-1.39,0.5,116,15/3/2021
20210318,-0.43,-5.1,-0.85,-5.01,-2.99,-1.07,-1.81,-1.6,-0.64,-0.25,116,15/3/2021
20210319,0.52,0.45,-0.72,0.36,0.6,-0.38,1.24,0.76,0.4,-0.81,116,15/3/2021
20210322,0.73,0.96,0.25,-1.26,1.56,1.13,0.66,1.01,-0.26,-0.87,117,22/3/2021
20210323,-0.87,-2.21,-1.85,-1.71,-0.69,-1.21,-0.28,-1.85,1.1,-1.59,117,22/3/2021
20210324,-0.83,-3.56,0.35,2.36,-1.79,-2.01,-1.03,-1.17,0.32,0.16,117,22/3/2021
20210325,1.19,1.68,1.19,0.31,-0.04,0.3,0.73,0.6,1.13,1.35,117,22/3/2021
20210326,2.12,-1.7,2.15,2.65,1.93,-1.58,1.38,1.33,0.64,1.9,117,22/3/2021
20210329,0.3,-1.31,-0.24,-1.37,-0.41,-0.01,-0.06,-0.33,0.82,-0.91,118,29/3/2021
20210330,-0.74,3.37,0.32,-0.66,-0.66,0.28,0.03,-0.34,-0.93,0.58,118,29/3/2021
20210331,-0.64,3.04,0.02,-0.94,1.66,-0.9,0.29,1.07,0.6,-0.52,118,29/3/2021
20210401,-0.05,-0.26,0.8,2.95,2.07,1.02,1.07,0.16,0.13,1.28,118,29/3/2021
20210405,0.87,3.57,1.18,-2.65,2.04,0.45,1.73,0.44,0.84,0.89,119,5/4/2021
20210406,0.7,0.55,-0.11,-0.19,-0.03,0.64,0.18,-0.52,0.41,-0.15,119,5/4/2021
20210407,-0.33,-2.28,-0.76,0.46,0.43,-0.52,0.39,-0.62,0.03,-0.09,119,5/4/2021
20210408,0.24,1.16,0.14,-1.4,1.41,-0.54,0.37,0.37,-0.27,0.32,119,5/4/2021
20210409,0.08,-0.38,0.42,-0.51,0.81,-0.26,1.3,0.51,-0.15,0.93,119,5/4/2021
20210412,0.68,2.22,0.19,-1.06,-0.39,-0.23,0.27,-0.36,0.08,0.22,120,12/4/2021
20210413,-0.39,5.05,-0.71,0.15,1.09,-0.04,0.01,0.68,1.06,-0.61,120,12/4/2021
20210414,-0.04,-2.6,0.28,3.17,-1.23,-0.06,-0.63,0.33,0.48,0.49,120,12/4/2021
20210415,0.71,0.84,0.57,-0.94,1.8,0.46,0.93,1.29,1.08,0.59,120,12/4/2021
20210416,0.79,0.11,0.61,-0.89,-0.19,0.98,0.75,0.76,0.57,0.48,120,12/4/2021
20210419,-0.65,-2.51,-0.63,-0.13,-0.86,-0.46,-0.62,-0.49,-0.39,-0.45,121,19/4/2021
20210420,-0.02,-0.52,-1.25,-2.79,-0.87,-0.68,-0.76,0.14,1.02,-1.53,121,19/4/2021
20210421,1.05,3.05,1.66,1.44,0.72,0.81,0.76,1.79,-0.63,1.19,121,19/4/2021
20210422,-0.46,-2.36,-0.98,-1.29,-0.88,0.25,-0.9,-0.54,-0.74,-0.74,121,19/4/2021
20210423,0.38,1.58,1.14,1.01,1.61,0.28,0.82,0.53,0.03,1.6,121,19/4/2021
20210426,-0.83,1.05,0.21,0.69,0.71,-0.25,0.16,0.37,-0.46,0.21,122,26/4/2021
20210427,0.11,-2.69,0.11,1.37,-0.37,-0.18,0.39,-0.43,-0.69,0.65,122,26/4/2021
20210428,0,-1.1,-0.15,3.33,-0.41,-0.41,0.2,-0.25,0.13,0.22,122,26/4/2021
20210429,0.94,-2.27,0.57,1.11,0.22,1.86,0.89,-0.83,0.87,1,122,26/4/2021
20210430,-0.45,2.54,-0.78,-2.78,-1.35,-0.06,-0.34,-0.34,0.56,-0.96,122,26/4/2021
20210503,1.15,-1.91,0.67,2.98,-0.43,0.02,0.13,0.84,0.2,0.76,123,3/5/2021
20210504,-0.8,-1.63,0.42,0.14,-2,-0.02,-1.05,-1.09,-0.32,0.36,123,3/5/2021
20210505,-0.11,0.2,0.27,3.23,-0.22,0.01,-0.53,-0.12,-1.31,0.3,123,3/5/2021
20210506,1.08,-0.38,0.81,0.29,0.55,1,0.93,-0.28,0.8,0.78,123,3/5/2021
20210507,0.28,1.51,1.09,2.02,0.92,0.86,0.36,0.68,0.42,0.83,123,3/5/2021
20210510,0.13,-4.55,-0.64,-0.33,-2.52,-0.09,-1.03,-0.93,0.96,-0.48,124,10/5/2021
20210511,-0.82,-1.53,-0.65,-2.45,-0.14,-0.76,-0.75,-0.44,-1.08,-1.24,124,10/5/2021
20210512,-1.61,-3.86,-2.84,0.33,-2.81,-1.27,-2.86,-0.98,-2.16,-2.05,124,10/5/2021
20210513,1.48,-0.98,1.92,-1.44,0.94,0.75,1.23,0.64,1.78,1.78,124,10/5/2021
20210514,0.64,2.58,1.37,3.4,2.31,0.57,1.46,0.98,0.65,1.55,124,10/5/2021
20210517,-0.11,-1.15,0.04,2.28,-0.59,-2.43,0.33,-0.11,-0.56,-0.05,125,17/5/2021
20210518,-0.49,-0.28,-1.31,-2.38,-0.64,-1.64,-0.6,0.08,-0.08,-1,125,17/5/2021
20210519,-0.72,-1.76,-0.68,-2.43,0.37,-0.82,-0.5,-0.38,-0.27,-0.59,125,17/5/2021
20210520,1.02,2.68,0.5,-0.16,1.96,1.33,0.46,1.49,0.8,0.3,125,17/5/2021
20210521,-0.09,0.04,0.3,0.28,-0.49,0.3,-0.48,-0.27,0.49,0.55,125,17/5/2021
20210524,0.53,2.59,0.77,1.12,1.8,0.65,0.49,0.12,-0.08,0.54,126,24/5/2021
20210525,-0.18,-0.45,-0.2,-2.1,0.07,-0.39,0.21,-0.38,-1.3,-0.81,126,24/5/2021
20210526,0.48,2.36,0.28,1.2,0.32,0.72,0.4,-0.13,0.08,0.49,126,24/5/2021
20210527,-0.03,2.13,0.78,0.23,-0.28,0.87,-0.21,-0.18,-0.51,0.92,126,24/5/2021
20210528,0.17,-0.8,-0.05,0.11,0.18,-0.17,-0.19,0.4,0.42,-0.02,126,24/5/2021
20210601,0.04,0.31,0.58,4.12,-0.33,-0.18,-0.13,-1.32,-0.17,0.43,127,31/5/2021
20210602,0.41,-1.9,-0.36,1.58,0.27,-0.19,0.15,-0.19,0.57,-0.13,127,31/5/2021
20210603,-0.04,-2.18,0,0.16,-0.99,-0.38,-0.78,0.43,0.59,-0.22,127,31/5/2021
20210604,0.36,2.72,0.54,0.59,1.83,0.73,0.31,0.64,0.02,0.2,127,31/5/2021
20210607,0.2,0.51,-0.45,-0.37,0.31,-0.18,-0.16,1.5,0.34,-0.42,128,7/6/2021
20210608,-0.62,-0.04,-0.02,0.98,0.14,-0.02,1.1,-0.33,-0.59,0.14,128,7/6/2021
20210609,-0.76,-0.95,-0.89,-0.58,0.02,-0.02,-0.39,1.29,0.7,-0.97,128,7/6/2021
20210610,0.15,0.48,-0.36,-0.02,0.94,0.23,0.79,1.79,0.64,-0.77,128,7/6/2021
20210611,0.66,0.34,0.19,-0.24,0.53,0.31,0.48,-0.66,0.37,0.54,128,7/6/2021
20210614,-0.31,0.28,-0.56,-0.36,1.03,0.07,0.08,0.13,-0.06,-0.75,129,14/6/2021
20210615,-0.41,-1.84,0.13,2.25,-0.71,-0.28,-0.26,-0.56,0.37,0.23,129,14/6/2021
20210616,-1.02,0.26,-1.07,-0.44,-0.45,-0.63,-0.21,-0.33,-1.3,-0.33,129,14/6/2021
20210617,-0.13,0.32,-1.31,-3.61,1.32,-0.02,0.57,0.69,-0.08,-1.84,129,14/6/2021
20210618,-1.67,0.08,-1.52,-2.71,-0.84,-1.04,-0.86,-1.03,-2.75,-1.89,129,14/6/2021
20210621,1.15,0.62,1.93,4.36,0.93,1.01,0.73,1.21,1.67,2.14,130,21/6/2021
20210622,0.37,0.58,0.28,0.82,0.98,0.23,1.15,0.07,-0.68,0.24,130,21/6/2021
20210623,-0.54,3.66,-0.15,0.49,0.02,-0.72,-0.07,-0.48,-0.95,0.01,130,21/6/2021
20210624,0.58,2.25,0.8,0.91,0.62,1.06,-0.22,0.92,0.1,0.94,130,21/6/2021
20210625,0.66,-0.48,0.99,0.54,-0.12,0.53,-0.13,0.43,1.07,0.87,130,21/6/2021
20210628,-0.13,1.14,-0.19,-3.51,1.28,-0.45,0.29,0.1,0.22,-0.95,131,28/6/2021
20210629,-0.34,-0.6,-0.12,-0.47,0.37,-0.56,0.13,0.07,-1.51,-0.16,131,28/6/2021
20210630,0.62,0.18,0.6,1.31,-0.36,0.56,0.25,0,0.08,0.27,131,28/6/2021
20210701,-0.06,-0.31,0.28,1.77,0.14,0.72,0.07,1.03,1.13,0.78,131,28/6/2021
20210702,0.03,-0.12,0.06,-0.45,1.15,0.49,1.02,0.41,0.14,0.02,131,28/6/2021
20210706,-0.77,-2.43,-1.01,-3.27,0.49,-0.8,1.25,-0.45,0.12,-1.17,132,5/7/2021
20210707,0.26,-1.75,0.52,-1.68,0.2,0.2,0.44,-0.01,0.45,0,132,5/7/2021
20210708,-0.51,0.31,-0.87,-0.31,-0.97,-0.45,-0.2,-0.14,-0.31,-1.72,132,5/7/2021
20210709,0.76,1.55,1.47,1.98,1.01,0.8,0.85,0.43,0.59,2.28,132,5/7/2021
20210712,-0.16,2.81,0.35,-0.11,0,0.81,0.08,-0.09,0.11,0.51,133,12/7/2021
20210713,-0.27,-2.04,-0.99,-0.72,0,-0.62,-0.83,-0.67,-0.81,-0.87,133,12/7/2021
20210714,0.46,-1.75,-0.31,-3.09,0,-0.11,0.07,-0.65,0.41,-0.35,133,12/7/2021
20210715,0.14,-0.63,-0.11,-1.47,-0.88,0.14,-0.67,-0.47,0.98,0.32,133,12/7/2021
20210716,-0.5,-1.37,-1.07,-2.91,-0.6,-0.71,-1.01,0.5,0.61,-1.26,133,12/7/2021
20210719,-0.6,-0.34,-1.62,-3.67,-1.08,-1.94,-0.86,-0.36,-1.91,-2.52,134,19/7/2021
20210720,0.76,2.64,2.03,1.43,1.63,0.96,1.42,1.5,0.76,2.23,134,19/7/2021
20210721,0.3,-0.06,1.08,3.74,0.93,0.53,0.66,0.63,-0.72,1.43,134,19/7/2021
20210722,-0.4,-1.21,-0.4,-1.16,0.79,-0.22,0.65,0.15,0,-0.71,134,19/7/2021
20210723,1.02,0.27,0.78,-0.47,1.51,0.41,1.03,1.02,1.11,0.48,134,19/7/2021
20210726,0.34,1.6,0.36,2.53,-0.01,0.65,0.37,-0.97,0.18,0.36,135,26/7/2021
20210727,-0.07,-1.86,-0.31,-1.25,-1.21,0.08,-0.96,0.15,1.33,-0.32,135,26/7/2021
20210728,-0.64,0.49,0.22,1.18,0.6,-0.48,-0.27,1.3,-0.43,-0.15,135,26/7/2021
20210729,0.48,3.45,0.87,0.9,0.1,-0.06,0.1,-0.17,0.17,0.9,135,26/7/2021
20210730,-0.32,0.3,0.06,-1.55,-0.4,0,-2.85,-0.16,-0.95,-0.56,135,26/7/2021
20210802,-0.05,1.76,-0.51,-0.81,-0.1,0.01,-0.19,0.15,0.58,-0.4,136,2/8/2021
20210803,0.29,0.25,1.17,1.96,0.54,-0.27,1.02,1.34,0.69,0.6,136,2/8/2021
20210804,-1.47,-1.15,-1.23,-3.16,0.3,-0.64,-0.76,-0.19,-0.3,-0.69,136,2/8/2021
20210805,0.38,0.64,0.46,1.54,0.69,0.99,0.79,0.66,0.89,0.97,136,2/8/2021
20210806,0.33,-1.35,0.48,0.91,-0.34,0.09,-0.41,-0.59,0.05,1.23,136,2/8/2021
20210809,0.3,1.09,-0.08,-1.54,-0.01,-0.39,-0.11,0.62,-0.1,-0.16,137,9/8/2021
20210810,0.43,-0.25,0.87,2.01,-0.56,0.39,0.51,-0.82,0.29,0.65,137,9/8/2021
20210811,0.27,0.12,0.76,0.71,-0.03,0.73,0.31,-1.33,0.8,0.79,137,9/8/2021
20210812,-0.15,1.23,-0.49,-0.04,0.71,-0.07,-0.21,0.91,0.08,-0.19,137,9/8/2021
20210813,0.81,-0.92,-0.19,-1.52,0.33,0.29,-0.25,0.26,0.45,-0.37,137,9/8/2021
20210816,0.23,-2.9,0.03,-1.94,0.08,-0.44,0.34,0.42,0.38,-0.1,138,16/8/2021
20210817,-0.57,-2.77,-1.28,-0.71,-0.94,-0.2,-1.58,1.23,-0.02,-0.88,138,16/8/2021
20210818,-1.35,1.87,-1.04,-2.19,-1.09,-0.75,-0.57,-1.33,-0.66,-0.99,138,16/8/2021
20210819,0.26,-2.12,-0.78,-2.76,0.57,-0.43,-0.06,-0.17,0.06,-0.57,138,16/8/2021
20210820,0.02,0.86,0.43,0.3,1.3,0.84,0.92,0.9,1.19,0.69,138,16/8/2021
20210823,0.03,2.55,1.05,3.94,1.33,0.58,0.67,1,-0.94,0.89,139,23/8/2021
20210824,-0.18,0.84,0.54,1.7,0.36,-0.12,0.46,-0.34,-0.38,0.76,139,23/8/2021
20210825,0.13,0.37,0.39,0.88,0.17,-0.16,0.11,-0.14,0.26,0.67,139,23/8/2021
20210826,-0.8,-1.41,-0.57,-1.43,-0.55,-1,-0.58,-0.44,-0.48,-0.75,139,23/8/2021
20210827,0.6,1.7,1.16,2.96,1.21,1.04,0.52,0.18,0.36,1.41,139,23/8/2021
20210830,0.21,1.46,-0.08,-1.09,1.08,0.27,0.93,0.51,0.06,-0.88,140,30/8/2021
20210831,0.01,0.24,-0.49,-0.52,-0.46,0.65,0.57,0.08,-0.05,-0.07,140,30/8/2021
20210901,0.61,0.07,-0.09,-1.31,0.21,0.36,0.05,0.15,1.13,-0.1,140,30/8/2021
20210902,0.16,-0.3,0.63,2.67,0.03,0.35,0.06,1.01,0.96,0.41,140,30/8/2021
20210903,-0.24,-0.14,-0.45,-0.39,0.47,-0.34,0.08,-0.08,-0.77,-0.48,140,30/8/2021
20210907,-1.34,1.45,-1.29,-0.41,-0.04,-0.66,-0.19,-0.57,-1.28,-0.39,141,6/9/2021
20210908,0.51,-0.17,-0.31,-1.13,-0.69,0.05,0.33,-0.28,1.59,-0.43,141,6/9/2021
20210909,-0.14,0.07,0.03,0.27,-0.31,-0.76,-0.46,-1.06,-0.61,0.01,141,6/9/2021
20210910,-0.01,-1.71,-0.28,-0.08,-0.95,-0.66,-0.49,-0.73,-1.34,-0.78,141,6/9/2021
20210913,0.2,1.03,0.2,3.04,-0.14,0.75,-0.06,-0.99,0.08,0.8,142,13/9/2021
20210914,-0.64,-0.23,-0.95,-1.7,-0.12,-2.55,-0.51,-0.34,-0.47,-1.34,142,13/9/2021
20210915,0.67,1.47,0.81,3.95,0.85,0.92,0.6,0.63,0.3,0.92,142,13/9/2021
20210916,-0.16,-0.05,-0.66,-1.02,0.04,0.11,0.62,-0.05,-0.96,-0.11,142,13/9/2021
20210917,-0.73,0.19,-1.04,-0.87,-1.18,-0.21,-0.51,-0.04,-1.42,-0.4,142,13/9/2021
20210920,-1.11,-3.46,-1.62,-2.98,-1.97,-1.46,-2.01,-1.33,-0.46,-1.95,143,20/9/2021
20210921,-0.29,0.8,-0.49,0.47,0.21,-1.39,-0.04,0.48,-0.2,-0.08,143,20/9/2021
20210922,0.42,1.8,1.34,3.24,1.05,0.76,0.84,0.12,0.23,1.17,143,20/9/2021
20210923,0.55,0.84,1.53,3.43,1.1,0.74,0.8,1.04,-0.03,2.05,143,20/9/2021
20210924,-0.24,1.71,-0.52,0.79,0.14,-0.22,0.31,-0.91,-0.11,0.45,143,20/9/2021
20210927,-0.02,1.9,0.48,3.81,-1.07,0.37,0.01,-1.1,-0.56,0.95,144,27/9/2021
20210928,-1.4,-1.52,-1.48,0.21,-3.21,-1.41,-2.11,-1.87,-1.15,-1.59,144,27/9/2021
20210929,0.72,0.18,0.02,0.06,-0.32,0.52,0.24,0.42,1.16,0.07,144,27/9/2021
20210930,-2.12,-0.96,-1.71,-1.17,-0.42,-0.94,-1.76,-0.61,-0.93,-1.42,144,27/9/2021
20211001,0.71,0.28,1.25,3.29,1.31,1.63,0.15,-0.05,0.24,1.75,144,27/9/2021
20211004,-0.26,0.5,-0.66,1.89,-2.48,-0.46,-1.57,-1.73,1.48,-1.04,145,4/10/2021
20211005,0.45,0.2,0.93,0.65,1.5,0.44,0.62,0.45,-0.1,1.35,145,4/10/2021
20211006,0.71,0.12,-0.04,-1.36,0.72,-0.12,0.46,-0.52,1.19,0.34,145,4/10/2021
20211007,0.51,1.88,1.12,0.83,1.05,0.61,1.33,1.08,-0.22,0.94,145,4/10/2021
20211008,-0.36,-0.38,-0.48,2.98,-0.37,-2.17,-0.37,-0.93,-0.38,0.28,145,4/10/2021
20211011,-0.27,0.37,-0.34,-0.49,-0.59,-2.46,-0.74,-0.66,-1.09,-0.98,146,11/10/2021
20211012,0.39,1.5,0.04,-0.15,-0.31,-0.71,0.08,-0.1,0.71,-0.07,146,11/10/2021
20211013,0.54,0.3,0.27,-0.07,0.9,0.17,0.46,0.28,1.1,-0.23,146,11/10/2021
20211014,1.11,0.93,1.56,1.11,2.05,1.37,1.26,1.16,1.31,1.79,146,11/10/2021
20211015,-0.45,2.05,0.52,0.4,0.42,0.04,1.36,-0.1,-0.15,1.19,146,11/10/2021
20211018,-0.37,2.11,-0.05,0.28,0.99,-1.11,1.06,-0.83,-0.87,0.12,147,18/10/2021
20211019,0.16,-0.47,0.18,0.92,0.89,1.02,0.22,1.54,1.03,0.62,147,18/10/2021
20211020,0.68,0.49,0.46,0.79,-0.15,1.33,-0.07,0.77,1.42,0.72,147,18/10/2021
20211021,-0.18,2.42,0.11,-1.62,0.56,-0.82,1,0.43,-0.4,0.11,147,18/10/2021
20211022,0.22,0.77,0.21,1.11,-1.15,-0.53,-0.86,-0.01,0.54,0.83,147,18/10/2021
20211025,-0.1,8.61,0.36,1.67,0.34,0.13,0.34,0.26,-0.17,0.32,148,25/10/2021
20211026,0.28,-0.71,-0.72,0.67,0.09,-0.18,0.12,0.37,0.3,0.07,148,25/10/2021
20211027,-0.73,0.71,-1.12,-3.05,0.22,-1.5,-0.29,-1.04,-0.79,-2.01,148,25/10/2021
20211028,0.8,3.51,1.42,0.62,0.99,0.15,0.96,1.36,0.66,1.09,148,25/10/2021
20211029,-0.14,2.45,-0.09,-0.45,0.66,-1.04,-0.59,0.56,-0.71,-0.07,148,25/10/2021
20211101,0.46,6.94,0.77,1.68,-0.16,0.86,-0.03,0.6,0.58,0.48,149,1/11/2021
20211102,0.12,-2.21,0.57,-1.01,0.61,0.08,0.18,0.8,-0.08,0.01,149,1/11/2021
20211103,1.24,2.94,0.65,-0.87,0.5,1.14,1.64,0.86,-0.24,0.7,149,1/11/2021
20211104,-0.13,1.22,0.5,-0.01,1.23,-0.69,1.33,-0.65,-0.56,-0.77,149,1/11/2021
20211105,0.35,-0.54,1.38,1.65,0.04,1.61,0.45,-0.85,1.02,0.8,149,1/11/2021
20211108,-0.98,-3.23,0.27,0.96,0.65,-0.19,-0.68,0.18,-1.2,0.52,150,8/11/2021
20211109,0.39,-8.68,0.19,0.41,-0.11,-0.31,0.99,-0.7,0.42,-0.44,150,8/11/2021
20211110,0.09,2.77,-0.84,-2.85,-2.01,0.25,-1.19,-0.19,0.54,-0.58,150,8/11/2021
20211111,-0.13,0.1,0.25,0.33,0.49,-1.74,0.06,-0.28,-0.32,0.21,150,8/11/2021
20211112,0.02,-1.67,0.85,-0.25,1.37,-0.49,0.96,0.38,-0.14,0.57,150,8/11/2021
20211115,0.51,-1.28,0.11,0.82,-0.1,-0.16,0.3,-0.52,1.23,-0.19,151,15/11/2021
20211116,-0.19,2.81,0.12,0.19,0.76,-0.34,0.58,0.26,-0.59,0.06,151,15/11/2021
20211117,-0.45,2.1,-0.49,-1.73,-0.33,-0.18,-0.39,0.01,0.11,-0.99,151,15/11/2021
20211118,-0.6,-0.06,-0.23,-0.48,0.64,-1.28,1.9,-0.45,-0.59,-0.59,151,15/11/2021
20211119,-0.75,2.38,-0.53,-4.01,0.51,-1.16,-0.65,-0.36,0.33,-0.96,151,15/11/2021
20211122,0.36,1.89,0.2,1.76,-1.56,-0.04,-0.8,-0.8,0.58,0.21,152,22/11/2021
20211123,0.25,-3.21,0.12,3.24,-0.59,0.12,0.14,-0.23,0.39,1.05,152,22/11/2021
20211124,-0.41,0.34,-0.15,1.01,0.7,-0.35,0.06,0.09,0.16,0.1,152,22/11/2021
20211126,-1.75,-2.9,-2.49,-4.38,-2.14,-1.14,-1.93,-0.62,-1.72,-3.1,152,22/11/2021
20211129,0.33,3.46,0.63,0.83,2.14,-0.24,0.62,-0.33,1.19,0.36,153,29/11/2021
20211130,-2.58,-0.17,-2.47,-2.45,-1.52,-3.1,-1.96,-1.43,-3.07,-2.47,153,29/11/2021
20211201,-0.64,-3.33,-0.89,-1.41,-1.9,-1.99,-1.62,-0.72,-0.02,-1.52,153,29/11/2021
20211202,1.6,0.08,1.87,2.87,0.98,3.69,1.05,0.62,1.44,2.82,153,29/11/2021
20211203,0.76,-5.03,0.02,-0.85,-1.76,0.84,-0.53,-0.6,0.76,-1.32,153,29/11/2021
20211206,1.5,-0.03,1.44,1.76,0.85,0.88,1.4,0.34,1.63,1.96,154,6/12/2021
20211207,0.63,3.55,1.39,2.43,3.34,-1.26,1.84,1.91,0.8,1.61,154,6/12/2021
20211208,-0.12,1.45,0.47,0.08,0.88,-0.31,-0.3,0.76,0.04,0.08,154,6/12/2021
20211209,-0.55,-4.84,-0.68,-0.93,-1.29,-1.43,-0.5,-0.84,-0.45,-0.47,154,6/12/2021
20211210,0.97,1.76,0.38,0.78,1.33,0.25,0.4,-0.2,0.5,0.31,154,6/12/2021
20211213,0.7,-4.38,-0.96,-2.86,-1.28,-0.95,-1.27,1.21,0.75,-1.29,155,13/12/2021
20211214,-0.17,-0.84,-0.49,-0.48,-1.61,0.56,-0.36,-0.44,-0.62,0.03,155,13/12/2021
20211215,0.9,1.32,0.77,-0.29,2.53,-0.05,1.52,2.57,1.52,0.7,155,13/12/2021
20211216,0.63,-3.55,-0.21,0.58,-2.81,1.94,-1.87,0.23,0.37,0.33,155,13/12/2021
20211217,-0.88,-0.18,-1.31,-2.07,-0.31,0.46,-0.58,0.27,-1.38,-1.37,155,13/12/2021
20211220,-0.89,-3.15,-1.64,-1.16,-1.13,-0.58,-1.09,-0.65,-0.13,-1.66,156,20/12/2021
20211221,0.45,3.49,2.2,3.28,2.5,1.3,1.49,0.6,0.15,2.42,156,20/12/2021
20211222,0.51,5.61,0.63,0.6,1.05,0.22,0.48,0.96,0.45,0.9,156,20/12/2021
20211223,0.28,4.47,0.88,0.01,0.59,0.88,0.36,0.49,0,0.77,156,20/12/2021
20211227,0.84,2.16,1.38,2.51,1.84,-0.08,0.6,0.3,0.62,0.86,157,27/12/2021
20211228,0.5,-0.32,0.22,-0.26,-0.77,0.39,0.43,-0.57,0.8,0.01,157,27/12/2021
20211229,0.33,-0.19,0.43,-0.56,-0.01,-0.36,0.18,0.44,0.43,-0.01,157,27/12/2021
20211230,0,-0.94,-0.5,-0.92,-0.28,0.26,-0.09,0.32,0.28,-0.16,157,27/12/2021
20211231,0.5,-0.77,0.36,0.21,-0.67,-0.72,-0.08,-0.51,0.34,-0.12,157,27/12/2021
